,gnina_CNN_pose_score_mean,gnina_CNN_pose_score_median,gnina_CNN_pose_score_max,gnina_CNN_pose_score_min,Active
active_1,-0.3,-0.24,-0.89,-0.0,1
active_10,-0.26,-0.16,-0.86,-0.0,1
active_100,-0.05,-0.02,-0.74,-0.0,1
active_1000,-0.05,-0.03,-0.47,-0.01,0
active_1001,-0.05,-0.03,-0.48,-0.01,0
active_1002,-0.05,-0.04,-0.4,-0.01,0
active_1003,-0.05,-0.03,-0.38,-0.0,0
active_1004,-0.06,-0.04,-0.48,-0.01,0
active_1005,-0.09,-0.03,-0.94,-0.0,0
active_1006,-0.11,-0.04,-0.9,-0.0,0
active_1007,-0.16,-0.04,-0.89,-0.01,0
active_1008,-0.08,-0.05,-0.5,-0.0,0
active_1009,-0.06,-0.04,-0.53,-0.0,0
active_101,-0.07,-0.03,-0.84,-0.0,1
active_1010,-0.06,-0.04,-0.63,-0.0,0
active_1011,-0.06,-0.04,-0.74,-0.0,0
active_1012,-0.05,-0.03,-0.53,-0.0,0
active_1013,-0.06,-0.03,-0.62,-0.0,0
active_1014,-0.06,-0.03,-0.56,-0.0,0
active_1015,-0.05,-0.03,-0.6,-0.01,0
active_1016,-0.05,-0.03,-0.51,-0.0,0
active_1017,-0.08,-0.04,-0.6,-0.0,0
active_1018,-0.08,-0.06,-0.75,-0.01,0
active_1019,-0.06,-0.03,-0.62,-0.0,0
active_102,-0.09,-0.04,-0.81,-0.0,1
active_1020,-0.04,-0.02,-0.6,-0.0,0
active_1021,-0.09,-0.05,-0.67,-0.01,0
active_1022,-0.06,-0.04,-0.47,-0.0,0
active_1023,-0.05,-0.03,-0.54,-0.0,0
active_1024,-0.04,-0.03,-0.45,-0.01,0
active_1025,-0.05,-0.03,-0.54,-0.01,0
active_1026,-0.05,-0.03,-0.52,-0.0,0
active_1027,-0.08,-0.03,-0.82,-0.0,0
active_1028,-0.06,-0.03,-0.51,-0.0,0
active_1029,-0.04,-0.02,-0.55,-0.0,0
active_103,-0.09,-0.04,-0.76,-0.0,1
active_1030,-0.07,-0.02,-0.64,-0.0,0
active_1031,-0.07,-0.03,-0.62,-0.0,0
active_1032,-0.08,-0.03,-0.76,-0.0,0
active_1033,-0.04,-0.02,-0.52,-0.0,0
active_1034,-0.08,-0.04,-0.73,-0.0,0
active_1035,-0.07,-0.02,-0.84,-0.0,0
active_1036,-0.04,-0.03,-0.59,-0.0,0
active_1037,-0.05,-0.03,-0.53,-0.01,0
active_1038,-0.06,-0.04,-0.56,-0.01,0
active_1039,-0.05,-0.03,-0.59,-0.01,0
active_104,-0.06,-0.02,-0.78,-0.0,1
active_1040,-0.07,-0.04,-0.69,-0.0,0
active_1041,-0.07,-0.04,-0.75,-0.01,0
active_1042,-0.07,-0.04,-0.66,-0.0,0
active_1043,-0.06,-0.03,-0.7,-0.01,0
active_1044,-0.07,-0.04,-0.77,-0.01,0
active_1045,-0.05,-0.03,-0.55,-0.01,0
active_1046,-0.06,-0.03,-0.62,-0.01,0
active_1047,-0.06,-0.04,-0.62,-0.01,0
active_1048,-0.06,-0.04,-0.55,-0.01,0
active_1049,-0.05,-0.03,-0.48,-0.01,0
active_105,-0.08,-0.03,-0.82,-0.0,1
active_1050,-0.07,-0.03,-0.71,-0.01,0
active_1051,-0.05,-0.03,-0.68,-0.01,0
active_1052,-0.06,-0.04,-0.64,-0.01,0
active_1053,-0.04,-0.02,-0.51,-0.0,0
active_1054,-0.04,-0.03,-0.51,-0.01,0
active_1055,-0.04,-0.03,-0.56,-0.0,0
active_1056,-0.06,-0.02,-0.77,-0.0,0
active_1057,-0.06,-0.03,-0.57,-0.0,0
active_1058,-0.06,-0.03,-0.5,-0.0,0
active_1059,-0.07,-0.04,-0.64,-0.0,0
active_106,-0.06,-0.03,-0.82,-0.0,1
active_1060,-0.07,-0.04,-0.6,-0.0,0
active_1061,-0.06,-0.04,-0.59,-0.0,0
active_1062,-0.06,-0.03,-0.68,-0.0,0
active_1063,-0.07,-0.04,-0.6,-0.0,0
active_1064,-0.07,-0.04,-0.61,-0.0,0
active_1065,-0.05,-0.03,-0.53,-0.0,0
active_1066,-0.07,-0.04,-0.51,-0.0,0
active_1067,-0.06,-0.03,-0.61,-0.0,0
active_1068,-0.05,-0.03,-0.49,-0.0,0
active_1069,-0.07,-0.04,-0.52,-0.0,0
active_107,-0.1,-0.05,-0.79,-0.0,1
active_1070,-0.08,-0.05,-0.6,-0.01,0
active_1071,-0.05,-0.04,-0.48,-0.01,0
active_1072,-0.04,-0.02,-0.41,-0.01,0
active_1073,-0.05,-0.02,-0.62,-0.0,0
active_1074,-0.07,-0.03,-0.9,-0.0,0
active_1075,-0.08,-0.05,-0.64,-0.0,0
active_1076,-0.07,-0.04,-0.58,-0.0,0
active_1077,-0.06,-0.04,-0.49,-0.01,0
active_1078,-0.07,-0.05,-0.66,-0.01,0
active_1079,-0.06,-0.04,-0.49,-0.01,0
active_108,-0.1,-0.04,-0.8,-0.0,1
active_1080,-0.05,-0.03,-0.5,-0.0,0
active_1081,-0.06,-0.03,-0.53,-0.01,0
active_1082,-0.05,-0.03,-0.61,-0.0,0
active_1083,-0.05,-0.02,-0.52,-0.0,0
active_1084,-0.06,-0.04,-0.5,-0.01,0
active_1085,-0.03,-0.02,-0.53,-0.01,0
active_1086,-0.06,-0.04,-0.55,-0.0,0
active_1087,-0.05,-0.03,-0.59,-0.0,0
active_1088,-0.05,-0.03,-0.48,-0.0,0
active_1089,-0.04,-0.02,-0.4,-0.0,0
active_109,-0.08,-0.03,-0.71,-0.0,1
active_1090,-0.05,-0.03,-0.53,-0.01,0
active_1091,-0.05,-0.03,-0.44,-0.0,0
active_1092,-0.07,-0.04,-0.66,-0.0,0
active_1093,-0.04,-0.02,-0.5,-0.01,0
active_1094,-0.07,-0.04,-0.67,-0.01,0
active_1095,-0.09,-0.03,-0.74,-0.0,0
active_1096,-0.05,-0.03,-0.66,-0.01,0
active_1097,-0.07,-0.04,-0.76,-0.01,0
active_1098,-0.07,-0.04,-0.81,-0.01,0
active_1099,-0.08,-0.06,-0.44,-0.01,0
active_11,-0.23,-0.15,-0.85,-0.0,1
active_110,-0.06,-0.02,-0.92,-0.0,1
active_1100,-0.09,-0.06,-0.76,-0.01,0
active_1101,-0.1,-0.06,-0.79,-0.01,0
active_1102,-0.07,-0.04,-0.53,-0.01,0
active_1103,-0.11,-0.08,-0.61,-0.01,0
active_1104,-0.07,-0.04,-0.69,-0.01,0
active_1105,-0.08,-0.06,-0.67,-0.01,0
active_1106,-0.08,-0.06,-0.59,-0.01,0
active_1107,-0.08,-0.03,-0.71,-0.01,0
active_1108,-0.08,-0.04,-0.83,-0.01,0
active_1109,-0.08,-0.05,-0.71,-0.01,0
active_111,-0.04,-0.02,-0.62,-0.0,1
active_1110,-0.08,-0.05,-0.67,-0.01,0
active_1111,-0.13,-0.09,-0.76,-0.01,0
active_1112,-0.12,-0.06,-0.87,-0.01,0
active_1113,-0.06,-0.03,-0.78,-0.01,0
active_1114,-0.08,-0.06,-0.5,-0.01,0
active_1115,-0.07,-0.05,-0.76,-0.01,0
active_1116,-0.09,-0.03,-0.84,-0.01,0
active_1117,-0.08,-0.03,-0.63,-0.01,0
active_1118,-0.08,-0.05,-0.68,-0.01,0
active_1119,-0.07,-0.04,-0.76,-0.01,0
active_112,-0.07,-0.03,-0.82,-0.0,1
active_1120,-0.09,-0.06,-0.84,-0.01,0
active_1121,-0.07,-0.05,-0.81,-0.01,0
active_1122,-0.06,-0.03,-0.69,-0.01,0
active_1123,-0.12,-0.08,-0.78,-0.01,0
active_1124,-0.1,-0.07,-0.74,-0.01,0
active_1125,-0.07,-0.04,-0.79,-0.01,0
active_1126,-0.06,-0.04,-0.5,-0.01,0
active_1127,-0.08,-0.04,-0.71,-0.01,0
active_1128,-0.09,-0.06,-0.63,-0.01,0
active_1129,-0.1,-0.06,-0.88,-0.01,0
active_113,-0.08,-0.03,-0.74,-0.0,1
active_1130,-0.05,-0.02,-0.66,-0.0,0
active_1131,-0.06,-0.03,-0.78,-0.0,0
active_1132,-0.06,-0.04,-0.5,-0.01,0
active_1133,-0.07,-0.03,-0.65,-0.0,0
active_1134,-0.05,-0.02,-0.8,-0.0,0
active_1135,-0.05,-0.02,-0.83,-0.0,0
active_1136,-0.05,-0.02,-0.65,-0.0,0
active_1137,-0.06,-0.03,-0.61,-0.01,0
active_1138,-0.07,-0.02,-0.69,-0.0,0
active_1139,-0.06,-0.03,-0.68,-0.0,0
active_114,-0.08,-0.03,-0.8,-0.0,1
active_1140,-0.04,-0.02,-0.65,-0.0,0
active_1141,-0.06,-0.03,-0.47,-0.0,0
active_1142,-0.08,-0.05,-0.77,-0.01,0
active_1143,-0.08,-0.04,-0.86,-0.01,0
active_1144,-0.11,-0.09,-0.7,-0.01,0
active_1145,-0.07,-0.04,-0.7,-0.01,0
active_1146,-0.1,-0.07,-0.6,-0.02,0
active_1147,-0.1,-0.07,-0.65,-0.02,0
active_1148,-0.11,-0.07,-0.73,-0.01,0
active_1149,-0.11,-0.08,-0.71,-0.02,0
active_115,-0.07,-0.03,-0.72,-0.0,1
active_1150,-0.04,-0.02,-0.45,-0.0,0
active_1151,-0.06,-0.04,-0.64,-0.01,0
active_1152,-0.04,-0.02,-0.34,-0.0,0
active_1153,-0.04,-0.03,-0.4,-0.0,0
active_1154,-0.06,-0.04,-0.52,-0.0,0
active_1155,-0.07,-0.04,-0.68,-0.0,0
active_1156,-0.04,-0.02,-0.38,-0.0,0
active_1157,-0.06,-0.03,-0.6,-0.0,0
active_1158,-0.06,-0.03,-0.72,-0.0,0
active_1159,-0.07,-0.04,-0.71,-0.01,0
active_116,-0.07,-0.03,-0.74,-0.0,1
active_1160,-0.07,-0.04,-0.6,-0.01,0
active_1161,-0.06,-0.04,-0.64,-0.01,0
active_1162,-0.04,-0.02,-0.67,-0.0,0
active_1163,-0.07,-0.03,-0.71,-0.01,0
active_1164,-0.1,-0.06,-0.7,-0.01,0
active_1165,-0.05,-0.04,-0.54,-0.01,0
active_1166,-0.05,-0.03,-0.7,-0.01,0
active_1167,-0.06,-0.03,-0.63,-0.01,0
active_1168,-0.11,-0.06,-0.77,-0.01,0
active_1169,-0.07,-0.03,-0.68,-0.01,0
active_117,-0.08,-0.03,-0.83,-0.0,1
active_1170,-0.06,-0.03,-0.52,-0.01,0
active_1171,-0.11,-0.07,-0.64,-0.01,0
active_1172,-0.09,-0.05,-0.61,-0.01,0
active_1173,-0.06,-0.03,-0.61,-0.01,0
active_1174,-0.12,-0.08,-0.91,-0.01,0
active_1175,-0.12,-0.08,-0.83,-0.01,0
active_1176,-0.07,-0.04,-0.57,-0.0,0
active_1177,-0.07,-0.04,-0.53,-0.01,0
active_1178,-0.07,-0.04,-0.72,-0.01,0
active_1179,-0.12,-0.07,-0.8,-0.01,0
active_118,-0.06,-0.02,-0.89,-0.0,1
active_1180,-0.08,-0.05,-0.65,-0.01,0
active_1181,-0.06,-0.03,-0.53,-0.01,0
active_1182,-0.06,-0.03,-0.77,-0.0,0
active_1183,-0.06,-0.02,-0.7,-0.0,0
active_1184,-0.06,-0.03,-0.85,-0.0,0
active_1185,-0.04,-0.02,-0.85,-0.0,0
active_1186,-0.09,-0.05,-0.72,-0.0,0
active_1187,-0.05,-0.03,-0.72,-0.01,0
active_1188,-0.07,-0.05,-0.58,-0.01,0
active_1189,-0.05,-0.03,-0.42,-0.01,0
active_119,-0.06,-0.03,-0.63,-0.0,1
active_1190,-0.08,-0.04,-0.65,-0.01,0
active_1191,-0.06,-0.04,-0.46,-0.01,0
active_1192,-0.12,-0.08,-0.8,-0.01,0
active_1193,-0.05,-0.03,-0.68,-0.01,0
active_1194,-0.06,-0.03,-0.65,-0.01,0
active_1195,-0.09,-0.05,-0.73,-0.01,0
active_1196,-0.04,-0.03,-0.59,-0.01,0
active_1197,-0.08,-0.04,-0.77,-0.01,0
active_1198,-0.09,-0.05,-0.72,-0.01,0
active_1199,-0.09,-0.06,-0.65,-0.01,0
active_12,-0.29,-0.21,-0.84,-0.0,1
active_120,-0.09,-0.04,-0.83,-0.01,1
active_1200,-0.05,-0.03,-0.67,-0.01,0
active_1201,-0.07,-0.05,-0.57,-0.01,0
active_1202,-0.1,-0.06,-0.86,-0.01,0
active_1203,-0.07,-0.04,-0.61,-0.01,0
active_1204,-0.09,-0.05,-0.76,-0.01,0
active_1205,-0.07,-0.05,-0.62,-0.01,0
active_1206,-0.07,-0.04,-0.58,-0.01,0
active_1207,-0.07,-0.03,-0.8,-0.01,0
active_1208,-0.07,-0.03,-0.7,-0.01,0
active_1209,-0.07,-0.05,-0.75,-0.01,0
active_121,-0.06,-0.02,-0.77,-0.0,1
active_1210,-0.08,-0.03,-0.71,-0.01,0
active_1211,-0.1,-0.06,-0.79,-0.01,0
active_1212,-0.08,-0.05,-0.64,-0.01,0
active_1213,-0.09,-0.06,-0.59,-0.01,0
active_1214,-0.06,-0.03,-0.8,-0.01,0
active_1215,-0.08,-0.05,-0.55,-0.01,0
active_1216,-0.07,-0.04,-0.7,-0.01,0
active_1217,-0.11,-0.06,-0.81,-0.01,0
active_1218,-0.05,-0.03,-0.52,-0.0,0
active_1219,-0.09,-0.03,-0.86,-0.01,0
active_122,-0.08,-0.03,-0.82,-0.0,1
active_1220,-0.05,-0.03,-0.78,-0.01,0
active_1221,-0.06,-0.03,-0.72,-0.01,0
active_1222,-0.08,-0.05,-0.57,-0.01,0
active_1223,-0.07,-0.04,-0.72,-0.01,0
active_1224,-0.07,-0.04,-0.7,-0.01,0
active_1225,-0.09,-0.06,-0.68,-0.01,0
active_1226,-0.06,-0.03,-0.48,-0.0,0
active_1227,-0.06,-0.03,-0.53,-0.01,0
active_1228,-0.05,-0.03,-0.42,-0.01,0
active_1229,-0.05,-0.03,-0.43,-0.01,0
active_123,-0.08,-0.04,-0.9,-0.0,1
active_1230,-0.06,-0.03,-0.63,-0.01,0
active_1231,-0.06,-0.04,-0.49,-0.0,0
active_1232,-0.05,-0.03,-0.44,-0.01,0
active_1233,-0.06,-0.04,-0.59,-0.01,0
active_1234,-0.06,-0.03,-0.55,-0.01,0
active_1235,-0.06,-0.04,-0.5,-0.01,0
active_1236,-0.06,-0.03,-0.62,-0.01,0
active_1237,-0.05,-0.03,-0.45,-0.01,0
active_1238,-0.06,-0.03,-0.55,-0.01,0
active_1239,-0.05,-0.03,-0.53,-0.01,0
active_124,-0.07,-0.03,-0.83,-0.0,1
active_1240,-0.05,-0.03,-0.52,-0.01,0
active_1241,-0.04,-0.03,-0.47,-0.01,0
active_1242,-0.05,-0.03,-0.62,-0.01,0
active_1243,-0.05,-0.02,-0.52,-0.0,0
active_1244,-0.06,-0.03,-0.59,-0.01,0
active_1245,-0.06,-0.03,-0.59,-0.0,0
active_1246,-0.05,-0.03,-0.62,-0.01,0
active_1247,-0.06,-0.03,-0.54,-0.01,0
active_1248,-0.05,-0.03,-0.5,-0.01,0
active_1249,-0.06,-0.03,-0.58,-0.01,0
active_125,-0.08,-0.03,-0.83,-0.0,1
active_1250,-0.07,-0.04,-0.55,-0.01,0
active_1251,-0.06,-0.03,-0.65,-0.01,0
active_1252,-0.08,-0.04,-0.69,-0.01,0
active_1253,-0.05,-0.03,-0.52,-0.01,0
active_1254,-0.07,-0.04,-0.72,-0.01,0
active_1255,-0.07,-0.04,-0.64,-0.01,0
active_1256,-0.07,-0.04,-0.67,-0.01,0
active_1257,-0.06,-0.03,-0.75,-0.01,0
active_1258,-0.07,-0.04,-0.71,-0.01,0
active_1259,-0.06,-0.04,-0.6,-0.01,0
active_126,-0.08,-0.03,-0.9,-0.0,1
active_1260,-0.06,-0.04,-0.5,-0.01,0
active_1261,-0.07,-0.04,-0.43,-0.01,0
active_1262,-0.05,-0.03,-0.38,-0.01,0
active_1263,-0.04,-0.03,-0.51,-0.01,0
active_1264,-0.05,-0.02,-0.44,-0.01,0
active_1265,-0.07,-0.04,-0.49,-0.01,0
active_1266,-0.06,-0.04,-0.45,-0.01,0
active_1267,-0.06,-0.04,-0.59,-0.01,0
active_1268,-0.06,-0.04,-0.52,-0.01,0
active_1269,-0.06,-0.04,-0.45,-0.01,0
active_127,-0.08,-0.03,-0.9,-0.0,1
active_1270,-0.04,-0.03,-0.36,-0.01,0
active_1271,-0.06,-0.04,-0.41,-0.0,0
active_1272,-0.06,-0.04,-0.54,-0.0,0
active_1273,-0.05,-0.03,-0.65,-0.0,0
active_1274,-0.06,-0.03,-0.56,-0.0,0
active_1275,-0.07,-0.04,-0.51,-0.0,0
active_1276,-0.05,-0.03,-0.59,-0.0,0
active_1277,-0.04,-0.02,-0.65,-0.0,0
active_1278,-0.02,-0.02,-0.22,-0.0,0
active_1279,-0.05,-0.03,-0.57,-0.0,0
active_128,-0.07,-0.02,-0.84,-0.0,1
active_1280,-0.04,-0.02,-0.24,-0.0,0
active_1281,-0.08,-0.05,-0.65,-0.0,0
active_1282,-0.05,-0.03,-0.49,-0.0,0
active_1283,-0.07,-0.04,-0.71,-0.0,0
active_1284,-0.06,-0.04,-0.54,-0.0,0
active_1285,-0.05,-0.03,-0.42,-0.0,0
active_1286,-0.07,-0.04,-0.65,-0.0,0
active_1287,-0.03,-0.02,-0.44,-0.0,0
active_1288,-0.04,-0.02,-0.61,-0.0,0
active_1289,-0.06,-0.03,-0.42,-0.0,0
active_129,-0.07,-0.03,-0.89,-0.0,1
active_1290,-0.05,-0.02,-0.59,-0.01,0
active_1291,-0.06,-0.04,-0.51,-0.0,0
active_1292,-0.06,-0.04,-0.51,-0.0,0
active_1293,-0.09,-0.04,-0.57,-0.0,0
active_1294,-0.05,-0.02,-0.61,-0.0,0
active_1295,-0.05,-0.03,-0.54,-0.01,0
active_1296,-0.05,-0.03,-0.44,-0.0,0
active_1297,-0.06,-0.03,-0.46,-0.01,0
active_1298,-0.05,-0.03,-0.59,-0.0,0
active_1299,-0.04,-0.03,-0.39,-0.01,0
active_13,-0.22,-0.15,-0.81,-0.0,1
active_130,-0.07,-0.03,-0.81,-0.0,1
active_1300,-0.05,-0.03,-0.44,-0.0,0
active_1301,-0.06,-0.03,-0.56,-0.0,0
active_1302,-0.05,-0.03,-0.5,-0.0,0
active_1303,-0.05,-0.03,-0.46,-0.0,0
active_1304,-0.05,-0.03,-0.55,-0.0,0
active_1305,-0.07,-0.04,-0.54,-0.0,0
active_1306,-0.06,-0.03,-0.56,-0.0,0
active_1307,-0.07,-0.04,-0.48,-0.0,0
active_1308,-0.05,-0.03,-0.4,-0.0,0
active_1309,-0.04,-0.03,-0.48,-0.0,0
active_131,-0.07,-0.02,-0.83,-0.0,1
active_1310,-0.07,-0.03,-0.71,-0.0,0
active_1311,-0.09,-0.04,-0.82,-0.0,0
active_1312,-0.1,-0.04,-0.82,-0.0,0
active_1313,-0.07,-0.04,-0.56,-0.0,0
active_1314,-0.04,-0.02,-0.68,-0.0,0
active_1315,-0.09,-0.04,-0.76,-0.0,0
active_1316,-0.06,-0.02,-0.85,-0.0,0
active_1317,-0.07,-0.03,-0.65,-0.0,0
active_1318,-0.07,-0.04,-0.62,-0.0,0
active_1319,-0.06,-0.02,-0.7,-0.0,0
active_132,-0.06,-0.02,-0.7,-0.0,1
active_1320,-0.06,-0.02,-0.81,-0.0,0
active_1321,-0.07,-0.03,-0.73,-0.0,0
active_1322,-0.09,-0.04,-0.71,-0.0,0
active_1323,-0.1,-0.05,-0.76,-0.0,0
active_1324,-0.08,-0.03,-0.81,-0.0,0
active_1325,-0.04,-0.01,-0.78,-0.0,0
active_1326,-0.07,-0.03,-0.86,-0.0,0
active_1327,-0.06,-0.02,-0.7,-0.0,0
active_1328,-0.09,-0.04,-0.6,-0.0,0
active_1329,-0.09,-0.04,-0.59,-0.0,0
active_133,-0.08,-0.04,-0.65,-0.0,1
active_1330,-0.05,-0.02,-0.84,-0.0,0
active_1331,-0.12,-0.05,-0.77,-0.0,0
active_1332,-0.07,-0.04,-0.54,-0.0,0
active_1333,-0.11,-0.05,-0.7,-0.0,0
active_1334,-0.05,-0.02,-0.66,-0.0,0
active_1335,-0.06,-0.02,-0.74,-0.0,0
active_1336,-0.11,-0.05,-0.7,-0.0,0
active_1337,-0.11,-0.05,-0.69,-0.0,0
active_1338,-0.06,-0.02,-0.75,-0.0,0
active_1339,-0.09,-0.04,-0.74,-0.0,0
active_134,-0.09,-0.03,-0.84,-0.0,1
active_1340,-0.09,-0.04,-0.77,-0.0,0
active_1341,-0.04,-0.01,-0.66,-0.0,0
active_1342,-0.07,-0.03,-0.71,-0.0,0
active_1343,-0.07,-0.02,-0.85,-0.0,0
active_1344,-0.08,-0.03,-0.85,-0.0,0
active_1345,-0.04,-0.02,-0.86,-0.0,0
active_1346,-0.07,-0.03,-0.82,-0.0,0
active_1347,-0.06,-0.02,-0.7,-0.0,0
active_1348,-0.04,-0.02,-0.67,-0.0,0
active_1349,-0.07,-0.03,-0.68,-0.0,0
active_135,-0.09,-0.03,-0.71,-0.0,1
active_1350,-0.09,-0.04,-0.82,-0.0,0
active_1351,-0.04,-0.02,-0.84,-0.0,0
active_1352,-0.06,-0.02,-0.74,-0.0,0
active_1353,-0.09,-0.04,-0.71,-0.0,0
active_1354,-0.06,-0.02,-0.82,-0.0,0
active_1355,-0.04,-0.02,-0.69,-0.0,0
active_1356,-0.06,-0.03,-0.82,-0.0,0
active_1357,-0.04,-0.02,-0.74,-0.0,0
active_1358,-0.05,-0.02,-0.81,-0.0,0
active_1359,-0.05,-0.02,-0.82,-0.0,0
active_136,-0.11,-0.05,-0.86,-0.0,1
active_1360,-0.06,-0.02,-0.88,-0.0,0
active_1361,-0.08,-0.03,-0.79,-0.0,0
active_1362,-0.07,-0.03,-0.8,-0.0,0
active_1363,-0.09,-0.03,-0.85,-0.0,0
active_1364,-0.08,-0.03,-0.8,-0.0,0
active_1365,-0.08,-0.04,-0.85,-0.0,0
active_1366,-0.07,-0.03,-0.7,-0.0,0
active_1367,-0.07,-0.02,-0.74,-0.0,0
active_1368,-0.08,-0.04,-0.77,-0.0,0
active_1369,-0.07,-0.02,-0.84,-0.0,0
active_137,-0.08,-0.03,-0.82,-0.0,1
active_1370,-0.06,-0.02,-0.78,-0.0,0
active_1371,-0.08,-0.04,-0.66,-0.0,0
active_1372,-0.03,-0.01,-0.7,-0.0,0
active_1373,-0.07,-0.03,-0.65,-0.0,0
active_1374,-0.05,-0.02,-0.63,-0.0,0
active_1375,-0.08,-0.03,-0.78,-0.0,0
active_1376,-0.08,-0.03,-0.78,-0.0,0
active_1377,-0.07,-0.03,-0.75,-0.0,0
active_1378,-0.05,-0.02,-0.68,-0.0,0
active_1379,-0.06,-0.03,-0.57,-0.0,0
active_138,-0.06,-0.02,-0.85,-0.0,1
active_1380,-0.06,-0.03,-0.75,-0.0,0
active_1381,-0.06,-0.02,-0.74,-0.0,0
active_1382,-0.06,-0.03,-0.83,-0.0,0
active_1383,-0.06,-0.03,-0.76,-0.0,0
active_1384,-0.06,-0.03,-0.75,-0.0,0
active_1385,-0.09,-0.05,-0.73,-0.0,0
active_1386,-0.05,-0.02,-0.67,-0.0,0
active_1387,-0.05,-0.02,-0.68,-0.0,0
active_1388,-0.05,-0.02,-0.66,-0.0,0
active_1389,-0.1,-0.04,-0.72,-0.0,0
active_139,-0.07,-0.02,-0.79,-0.0,1
active_1390,-0.1,-0.04,-0.74,-0.0,0
active_1391,-0.06,-0.03,-0.67,-0.0,0
active_1392,-0.1,-0.05,-0.76,-0.0,0
active_1393,-0.08,-0.03,-0.8,-0.0,0
active_1394,-0.09,-0.03,-0.82,-0.0,0
active_1395,-0.07,-0.03,-0.84,-0.0,0
active_1396,-0.08,-0.02,-0.82,-0.0,0
active_1397,-0.06,-0.02,-0.86,-0.0,0
active_1398,-0.05,-0.02,-0.77,-0.0,0
active_1399,-0.09,-0.04,-0.81,-0.0,0
active_14,-0.25,-0.17,-0.88,-0.0,1
active_140,-0.04,-0.02,-0.83,-0.0,1
active_1400,-0.09,-0.04,-0.79,-0.0,0
active_1401,-0.07,-0.02,-0.79,-0.0,0
active_1402,-0.05,-0.02,-0.74,-0.0,0
active_1403,-0.04,-0.01,-0.7,-0.0,0
active_1404,-0.08,-0.04,-0.7,-0.0,0
active_1405,-0.08,-0.05,-0.84,-0.01,0
active_1406,-0.06,-0.03,-0.76,-0.0,0
active_1407,-0.09,-0.04,-0.73,-0.0,0
active_1408,-0.05,-0.02,-0.74,-0.0,0
active_1409,-0.08,-0.03,-0.78,-0.0,0
active_141,-0.08,-0.04,-0.72,-0.0,1
active_1410,-0.12,-0.08,-0.75,-0.01,0
active_1411,-0.1,-0.05,-0.89,-0.01,0
active_1412,-0.07,-0.03,-0.78,-0.0,0
active_1413,-0.09,-0.03,-0.72,-0.0,0
active_1414,-0.12,-0.04,-0.86,-0.0,0
active_1415,-0.08,-0.03,-0.7,-0.0,0
active_1416,-0.06,-0.02,-0.74,-0.0,0
active_1417,-0.07,-0.03,-0.88,-0.0,0
active_1418,-0.09,-0.04,-0.73,-0.0,0
active_1419,-0.05,-0.02,-0.75,-0.0,0
active_142,-0.09,-0.03,-0.78,-0.0,1
active_1420,-0.05,-0.03,-0.57,-0.0,0
active_1421,-0.06,-0.03,-0.68,-0.0,0
active_1422,-0.05,-0.03,-0.5,-0.0,0
active_1423,-0.07,-0.03,-0.67,-0.0,0
active_1424,-0.03,-0.01,-0.81,-0.0,0
active_1425,-0.05,-0.02,-0.59,-0.0,0
active_1426,-0.04,-0.02,-0.78,-0.0,0
active_1427,-0.04,-0.02,-0.67,-0.0,0
active_1428,-0.07,-0.05,-0.35,-0.0,0
active_1429,-0.07,-0.05,-0.64,-0.0,0
active_143,-0.11,-0.04,-0.82,-0.0,1
active_1430,-0.08,-0.04,-0.76,-0.0,0
active_1431,-0.06,-0.03,-0.54,-0.0,0
active_1432,-0.06,-0.03,-0.58,-0.0,0
active_1433,-0.05,-0.03,-0.6,-0.0,0
active_1434,-0.08,-0.04,-0.62,-0.0,0
active_1435,-0.05,-0.03,-0.49,-0.0,0
active_1436,-0.06,-0.03,-0.6,-0.0,0
active_1437,-0.04,-0.01,-0.79,-0.0,0
active_1438,-0.07,-0.03,-0.81,-0.01,0
active_1439,-0.06,-0.03,-0.52,-0.0,0
active_144,-0.06,-0.02,-0.9,-0.0,1
active_1440,-0.06,-0.03,-0.71,-0.0,0
active_1441,-0.04,-0.02,-0.56,-0.0,0
active_1442,-0.08,-0.03,-0.85,-0.0,0
active_1443,-0.07,-0.03,-0.84,-0.0,0
active_1444,-0.05,-0.02,-0.68,-0.0,0
active_1445,-0.05,-0.02,-0.77,-0.0,0
active_1446,-0.06,-0.02,-0.77,-0.0,0
active_1447,-0.05,-0.02,-0.82,-0.0,0
active_1448,-0.06,-0.03,-0.74,-0.0,0
active_1449,-0.06,-0.02,-0.86,-0.0,0
active_145,-0.07,-0.03,-0.74,-0.0,1
active_1450,-0.04,-0.02,-0.41,-0.0,0
active_1451,-0.1,-0.04,-0.92,-0.0,0
active_1452,-0.05,-0.02,-0.81,-0.0,0
active_1453,-0.06,-0.03,-0.63,-0.01,0
active_1454,-0.04,-0.02,-0.4,-0.0,0
active_1455,-0.04,-0.02,-0.34,-0.0,0
active_1456,-0.06,-0.02,-0.73,-0.0,0
active_1457,-0.06,-0.02,-0.78,-0.0,0
active_1458,-0.05,-0.02,-0.8,-0.0,0
active_1459,-0.08,-0.05,-0.59,-0.0,0
active_146,-0.11,-0.05,-0.82,-0.0,1
active_1460,-0.07,-0.05,-0.68,-0.01,0
active_1461,-0.06,-0.03,-0.36,-0.0,0
active_1462,-0.08,-0.04,-0.71,-0.0,0
active_1463,-0.07,-0.04,-0.75,-0.0,0
active_1464,-0.05,-0.02,-0.71,-0.0,0
active_1465,-0.04,-0.02,-0.73,-0.01,0
active_1466,-0.06,-0.02,-0.57,-0.0,0
active_1467,-0.04,-0.02,-0.46,-0.0,0
active_1468,-0.06,-0.03,-0.65,-0.0,0
active_1469,-0.04,-0.02,-0.51,-0.01,0
active_147,-0.07,-0.02,-0.7,-0.0,1
active_1470,-0.09,-0.05,-0.65,-0.0,0
active_1471,-0.05,-0.04,-0.39,-0.0,0
active_1472,-0.06,-0.03,-0.59,-0.0,0
active_1473,-0.08,-0.04,-0.65,-0.0,0
active_1474,-0.06,-0.03,-0.57,-0.0,0
active_1475,-0.06,-0.03,-0.49,-0.0,0
active_1476,-0.09,-0.05,-0.78,-0.01,0
active_1477,-0.09,-0.05,-0.73,-0.0,0
active_1478,-0.07,-0.03,-0.75,-0.0,0
active_1479,-0.05,-0.03,-0.39,-0.01,0
active_148,-0.07,-0.03,-0.89,-0.0,1
active_1480,-0.09,-0.04,-0.71,-0.0,0
active_1481,-0.06,-0.03,-0.75,-0.0,0
active_1482,-0.1,-0.06,-0.71,-0.01,0
active_1483,-0.06,-0.03,-0.63,-0.0,0
active_1484,-0.07,-0.04,-0.64,-0.0,0
active_1485,-0.05,-0.03,-0.73,-0.0,0
active_1486,-0.07,-0.03,-0.77,-0.0,0
active_1487,-0.06,-0.03,-0.57,-0.01,0
active_1488,-0.06,-0.03,-0.67,-0.01,0
active_1489,-0.04,-0.02,-0.44,-0.0,0
active_149,-0.08,-0.03,-0.83,-0.0,1
active_1490,-0.07,-0.04,-0.8,-0.0,0
active_1491,-0.08,-0.05,-0.65,-0.01,0
active_1492,-0.09,-0.06,-0.8,-0.0,0
active_1493,-0.39,-0.42,-0.84,-0.01,0
active_1494,-0.35,-0.37,-0.78,-0.01,0
active_1495,-0.35,-0.37,-0.78,-0.02,0
active_1496,-0.34,-0.36,-0.76,-0.02,0
active_1497,-0.39,-0.41,-0.8,-0.02,0
active_1498,-0.34,-0.36,-0.76,-0.01,0
active_1499,-0.33,-0.35,-0.74,-0.02,0
active_15,-0.24,-0.15,-0.82,-0.0,1
active_150,-0.06,-0.02,-0.84,-0.0,1
active_1500,-0.3,-0.26,-0.84,-0.01,0
active_1501,-0.34,-0.36,-0.76,-0.02,0
active_1502,-0.17,-0.14,-0.72,-0.01,0
active_1503,-0.21,-0.13,-0.85,-0.01,0
active_1504,-0.27,-0.21,-0.79,-0.01,0
active_1505,-0.25,-0.22,-0.69,-0.01,0
active_1506,-0.29,-0.32,-0.71,-0.02,0
active_1507,-0.32,-0.33,-0.79,-0.01,0
active_1508,-0.14,-0.07,-0.53,-0.02,0
active_1509,-0.28,-0.26,-0.72,-0.03,0
active_151,-0.09,-0.04,-0.75,-0.0,1
active_1510,-0.06,-0.03,-0.77,-0.0,0
active_1511,-0.05,-0.03,-0.63,-0.01,0
active_1512,-0.07,-0.04,-0.62,-0.01,0
active_1513,-0.22,-0.18,-0.72,-0.02,0
active_1514,-0.06,-0.03,-0.67,-0.01,0
active_1515,-0.19,-0.12,-0.74,-0.01,0
active_1516,-0.1,-0.06,-0.74,-0.01,0
active_1517,-0.26,-0.22,-0.72,-0.01,0
active_1518,-0.1,-0.06,-0.87,-0.01,0
active_1519,-0.07,-0.05,-0.59,-0.01,0
active_152,-0.05,-0.02,-0.81,-0.0,1
active_1520,-0.08,-0.06,-0.47,-0.01,0
active_1521,-0.1,-0.06,-0.64,-0.01,0
active_1522,-0.06,-0.04,-0.64,-0.01,0
active_1523,-0.06,-0.04,-0.5,-0.01,0
active_1524,-0.09,-0.05,-0.8,-0.0,0
active_1525,-0.06,-0.04,-0.74,-0.01,0
active_1526,-0.11,-0.06,-0.82,-0.01,0
active_1527,-0.1,-0.05,-0.83,-0.0,0
active_1528,-0.06,-0.04,-0.54,-0.01,0
active_1529,-0.09,-0.06,-0.75,-0.01,0
active_153,-0.1,-0.05,-0.8,-0.01,1
active_1530,-0.06,-0.04,-0.53,-0.01,0
active_1531,-0.09,-0.06,-0.7,-0.01,0
active_1532,-0.06,-0.04,-0.37,-0.01,0
active_1533,-0.07,-0.04,-0.57,-0.01,0
active_1534,-0.08,-0.05,-0.78,-0.01,0
active_1535,-0.08,-0.06,-0.61,-0.01,0
active_1536,-0.09,-0.06,-0.57,-0.01,0
active_1537,-0.08,-0.05,-0.54,-0.01,0
active_1538,-0.08,-0.04,-0.81,-0.01,0
active_1539,-0.1,-0.07,-0.84,-0.0,0
active_154,-0.11,-0.04,-0.84,-0.0,1
active_1540,-0.06,-0.05,-0.37,-0.01,0
active_1541,-0.1,-0.06,-0.83,-0.01,0
active_1542,-0.05,-0.03,-0.46,-0.0,0
active_1543,-0.05,-0.03,-0.49,-0.01,0
active_1544,-0.06,-0.04,-0.54,-0.0,0
active_1545,-0.1,-0.06,-0.68,-0.01,0
active_1546,-0.08,-0.06,-0.77,-0.01,0
active_1547,-0.11,-0.07,-0.9,-0.01,0
active_1548,-0.12,-0.09,-0.59,-0.01,0
active_1549,-0.11,-0.07,-0.81,-0.01,0
active_155,-0.07,-0.03,-0.81,-0.0,1
active_1550,-0.11,-0.07,-0.82,-0.01,0
active_1551,-0.1,-0.07,-0.73,-0.01,0
active_1552,-0.12,-0.08,-0.79,-0.01,0
active_1553,-0.11,-0.07,-0.74,-0.01,0
active_1554,-0.1,-0.05,-0.92,-0.01,0
active_1555,-0.09,-0.06,-0.7,-0.01,0
active_1556,-0.12,-0.07,-0.69,-0.01,0
active_1557,-0.1,-0.08,-0.68,-0.01,0
active_1558,-0.12,-0.08,-0.76,-0.01,0
active_1559,-0.11,-0.08,-0.68,-0.01,0
active_156,-0.05,-0.02,-0.64,-0.0,1
active_1560,-0.12,-0.09,-0.75,-0.01,0
active_1561,-0.1,-0.06,-0.89,-0.01,0
active_1562,-0.11,-0.07,-0.92,-0.01,0
active_1563,-0.09,-0.06,-0.54,-0.01,0
active_1564,-0.12,-0.09,-0.68,-0.02,0
active_1565,-0.09,-0.07,-0.74,-0.01,0
active_1566,-0.12,-0.08,-0.85,-0.02,0
active_1567,-0.12,-0.09,-0.88,-0.01,0
active_1568,-0.11,-0.08,-0.64,-0.01,0
active_1569,-0.11,-0.07,-0.7,-0.01,0
active_157,-0.06,-0.03,-0.65,-0.0,1
active_1570,-0.12,-0.09,-0.77,-0.01,0
active_1571,-0.12,-0.08,-0.8,-0.01,0
active_1572,-0.11,-0.08,-0.71,-0.02,0
active_1573,-0.11,-0.08,-0.67,-0.01,0
active_1574,-0.09,-0.07,-0.71,-0.01,0
active_1575,-0.12,-0.08,-0.88,-0.01,0
active_1576,-0.1,-0.07,-0.87,-0.01,0
active_1577,-0.1,-0.07,-0.7,-0.01,0
active_1578,-0.09,-0.07,-0.56,-0.01,0
active_1579,-0.07,-0.05,-0.56,-0.01,0
active_158,-0.05,-0.02,-0.72,-0.0,1
active_1580,-0.11,-0.08,-0.76,-0.01,0
active_1581,-0.1,-0.06,-0.89,-0.01,0
active_1582,-0.09,-0.06,-0.72,-0.01,0
active_1583,-0.11,-0.07,-0.66,-0.01,0
active_1584,-0.09,-0.06,-0.86,-0.01,0
active_1585,-0.08,-0.05,-0.75,-0.01,0
active_1586,-0.11,-0.06,-0.75,-0.01,0
active_1587,-0.09,-0.05,-0.83,-0.01,0
active_1588,-0.08,-0.05,-0.6,-0.01,0
active_1589,-0.1,-0.06,-0.82,-0.01,0
active_159,-0.08,-0.03,-0.63,-0.0,1
active_1590,-0.08,-0.05,-0.89,-0.01,0
active_1591,-0.1,-0.07,-0.81,-0.01,0
active_1592,-0.1,-0.05,-0.88,-0.01,0
active_1593,-0.1,-0.06,-0.74,-0.01,0
active_1594,-0.09,-0.07,-0.66,-0.01,0
active_1595,-0.35,-0.36,-0.74,-0.03,0
active_1596,-0.4,-0.41,-0.86,-0.01,0
active_1597,-0.32,-0.33,-0.68,-0.02,0
active_1598,-0.32,-0.33,-0.72,-0.01,0
active_1599,-0.25,-0.24,-0.67,-0.02,0
active_16,-0.22,-0.11,-0.81,-0.0,1
active_160,-0.07,-0.03,-0.84,-0.0,1
active_1600,-0.1,-0.04,-0.81,-0.01,0
active_1601,-0.26,-0.24,-0.68,-0.01,0
active_1602,-0.35,-0.35,-0.77,-0.03,0
active_1603,-0.17,-0.06,-0.88,-0.01,0
active_1604,-0.09,-0.04,-0.67,-0.0,0
active_1605,-0.06,-0.03,-0.55,-0.01,0
active_1606,-0.23,-0.05,-0.92,-0.0,0
active_1607,-0.05,-0.03,-0.48,-0.0,0
active_1608,-0.18,-0.06,-0.96,-0.0,0
active_1609,-0.2,-0.1,-0.84,-0.01,0
active_161,-0.06,-0.03,-0.66,-0.0,1
active_1610,-0.14,-0.05,-0.86,-0.01,0
active_1611,-0.2,-0.05,-0.86,-0.01,0
active_1612,-0.19,-0.05,-0.86,-0.01,0
active_1613,-0.14,-0.04,-0.9,-0.01,0
active_1614,-0.17,-0.05,-0.84,-0.01,0
active_1615,-0.06,-0.04,-0.41,-0.0,0
active_1616,-0.2,-0.05,-0.91,-0.0,0
active_1617,-0.06,-0.04,-0.5,-0.0,0
active_1618,-0.18,-0.06,-0.87,-0.01,0
active_1619,-0.13,-0.07,-0.91,-0.01,0
active_162,-0.07,-0.03,-0.78,-0.0,1
active_1620,-0.18,-0.05,-0.91,-0.01,0
active_1621,-0.16,-0.05,-0.86,-0.01,0
active_1622,-0.16,-0.05,-0.78,-0.01,0
active_1623,-0.14,-0.04,-0.85,-0.0,0
active_1624,-0.13,-0.07,-0.91,-0.01,0
active_1625,-0.4,-0.43,-0.83,-0.01,0
active_1626,-0.33,-0.34,-0.76,-0.01,0
active_1627,-0.23,-0.2,-0.71,-0.02,0
active_1628,-0.39,-0.42,-0.74,-0.02,0
active_1629,-0.18,-0.17,-0.65,-0.05,0
active_163,-0.09,-0.03,-0.81,-0.0,1
active_1630,-0.06,-0.03,-0.68,-0.0,0
active_1631,-0.04,-0.03,-0.64,-0.01,0
active_1632,-0.04,-0.02,-0.69,-0.0,0
active_1633,-0.04,-0.02,-0.48,-0.0,0
active_1634,-0.06,-0.02,-0.65,-0.0,0
active_1635,-0.04,-0.02,-0.74,-0.0,0
active_1636,-0.04,-0.02,-0.88,-0.0,0
active_1637,-0.06,-0.03,-0.55,-0.0,0
active_1638,-0.07,-0.03,-0.76,-0.0,0
active_1639,-0.07,-0.03,-0.75,-0.01,0
active_164,-0.09,-0.04,-0.77,-0.0,1
active_1640,-0.08,-0.02,-0.74,-0.0,0
active_1641,-0.03,-0.02,-0.52,-0.01,0
active_1642,-0.04,-0.02,-0.55,-0.0,0
active_1643,-0.03,-0.02,-0.45,-0.0,0
active_1644,-0.15,-0.07,-0.85,-0.0,0
active_1645,-0.08,-0.04,-0.8,-0.0,0
active_1646,-0.03,-0.02,-0.45,-0.0,0
active_1647,-0.03,-0.02,-0.58,-0.0,0
active_1648,-0.03,-0.01,-0.55,-0.0,0
active_1649,-0.04,-0.02,-0.59,-0.0,0
active_165,-0.09,-0.04,-0.78,-0.0,1
active_1650,-0.04,-0.02,-0.51,-0.0,0
active_1651,-0.06,-0.03,-0.62,-0.0,0
active_1652,-0.06,-0.03,-0.72,-0.0,0
active_1653,-0.06,-0.02,-0.66,-0.0,0
active_1654,-0.06,-0.03,-0.62,-0.0,0
active_1655,-0.02,-0.01,-0.57,-0.0,0
active_1656,-0.05,-0.02,-0.79,-0.0,0
active_1657,-0.2,-0.06,-0.93,-0.0,0
active_1658,-0.04,-0.02,-0.83,-0.0,0
active_1659,-0.11,-0.05,-0.62,-0.01,0
active_166,-0.07,-0.03,-0.67,-0.0,1
active_1660,-0.04,-0.02,-0.53,-0.0,0
active_1661,-0.06,-0.03,-0.58,-0.0,0
active_1662,-0.06,-0.02,-0.74,-0.0,0
active_1663,-0.04,-0.01,-0.73,-0.0,0
active_1664,-0.05,-0.02,-0.58,-0.0,0
active_167,-0.08,-0.03,-0.66,-0.0,1
active_168,-0.08,-0.04,-0.74,-0.0,1
active_169,-0.09,-0.03,-0.72,-0.0,1
active_17,-0.07,-0.03,-0.67,-0.0,1
active_170,-0.06,-0.03,-0.8,-0.0,1
active_171,-0.06,-0.02,-0.68,-0.0,1
active_172,-0.08,-0.03,-0.76,-0.0,1
active_173,-0.06,-0.02,-0.7,-0.0,1
active_174,-0.06,-0.02,-0.72,-0.0,1
active_175,-0.09,-0.04,-0.8,-0.0,1
active_176,-0.07,-0.03,-0.88,-0.0,1
active_177,-0.06,-0.03,-0.75,-0.0,1
active_178,-0.07,-0.03,-0.66,-0.0,1
active_179,-0.09,-0.04,-0.89,-0.0,1
active_18,-0.09,-0.04,-0.8,-0.01,1
active_180,-0.09,-0.05,-0.76,-0.0,1
active_181,-0.07,-0.03,-0.72,-0.0,1
active_182,-0.06,-0.03,-0.84,-0.0,1
active_183,-0.06,-0.03,-0.78,-0.0,1
active_184,-0.06,-0.02,-0.82,-0.0,1
active_185,-0.05,-0.02,-0.74,-0.0,1
active_186,-0.07,-0.03,-0.75,-0.0,1
active_187,-0.06,-0.03,-0.8,-0.0,1
active_188,-0.12,-0.05,-0.87,-0.0,1
active_189,-0.09,-0.03,-0.86,-0.0,1
active_19,-0.06,-0.02,-0.7,-0.0,1
active_190,-0.07,-0.03,-0.69,-0.0,1
active_191,-0.07,-0.03,-0.82,-0.0,1
active_192,-0.09,-0.04,-0.84,-0.0,1
active_193,-0.09,-0.03,-0.79,-0.0,1
active_194,-0.09,-0.04,-0.7,-0.01,1
active_195,-0.08,-0.03,-0.71,-0.0,1
active_196,-0.1,-0.03,-0.8,-0.0,1
active_197,-0.05,-0.02,-0.78,-0.0,1
active_198,-0.07,-0.02,-0.78,-0.0,1
active_199,-0.08,-0.03,-0.75,-0.0,1
active_2,-0.21,-0.15,-0.89,-0.0,1
active_20,-0.07,-0.03,-0.78,-0.0,1
active_200,-0.06,-0.02,-0.89,-0.0,1
active_201,-0.06,-0.03,-0.8,-0.01,1
active_202,-0.07,-0.02,-0.77,-0.0,1
active_203,-0.06,-0.03,-0.55,-0.0,1
active_204,-0.0971797955502104,-0.0585207456404089,-0.7049007817197835,-0.0055141310883944,1
active_205,-0.07,-0.03,-0.71,-0.0,1
active_206,-0.05,-0.02,-0.65,-0.0,1
active_207,-0.07,-0.03,-0.8,-0.0,1
active_208,-0.09,-0.04,-0.76,-0.01,1
active_209,-0.07,-0.03,-0.64,-0.0,1
active_21,-0.08,-0.03,-0.76,-0.0,1
active_210,-0.08,-0.03,-0.82,-0.0,1
active_211,-0.08,-0.03,-0.7,-0.0,1
active_212,-0.06,-0.02,-0.68,-0.0,1
active_213,-0.08,-0.03,-0.73,-0.0,1
active_214,-0.08,-0.03,-0.84,-0.0,1
active_215,-0.09,-0.03,-0.91,-0.0,1
active_216,-0.08,-0.04,-0.75,-0.0,1
active_217,-0.07,-0.03,-0.78,-0.0,1
active_218,-0.06,-0.03,-0.56,-0.01,1
active_219,-0.06,-0.02,-0.77,-0.0,1
active_22,-0.07,-0.02,-0.79,-0.0,1
active_220,-0.07,-0.03,-0.69,-0.0,1
active_221,-0.07,-0.04,-0.87,-0.01,1
active_222,-0.07,-0.03,-0.82,-0.01,1
active_223,-0.08,-0.04,-0.86,-0.01,1
active_224,-0.06,-0.03,-0.88,-0.01,1
active_225,-0.07,-0.03,-0.77,-0.01,1
active_226,-0.06,-0.02,-0.88,-0.0,1
active_227,-0.06,-0.03,-0.77,-0.01,1
active_228,-0.07,-0.03,-0.69,-0.01,1
active_229,-0.06,-0.03,-0.74,-0.01,1
active_23,-0.07,-0.02,-0.83,-0.0,1
active_230,-0.07,-0.04,-0.81,-0.01,1
active_231,-0.07,-0.03,-0.7,-0.0,1
active_232,-0.06,-0.03,-0.86,-0.01,1
active_233,-0.08,-0.03,-0.72,-0.0,1
active_234,-0.07,-0.03,-0.82,-0.01,1
active_235,-0.07,-0.03,-0.74,-0.01,1
active_236,-0.07,-0.03,-0.88,-0.01,1
active_237,-0.07,-0.03,-0.81,-0.01,1
active_238,-0.06,-0.03,-0.72,-0.01,1
active_239,-0.07,-0.03,-0.87,-0.01,1
active_24,-0.07,-0.03,-0.77,-0.0,1
active_240,-0.05,-0.02,-0.6,-0.0,1
active_241,-0.07,-0.03,-0.76,-0.01,1
active_242,-0.09,-0.03,-0.9,-0.0,1
active_243,-0.1,-0.05,-0.85,-0.0,1
active_244,-0.06,-0.03,-0.78,-0.0,1
active_245,-0.05,-0.03,-0.47,-0.01,1
active_246,-0.06,-0.02,-0.82,-0.0,1
active_247,-0.07,-0.02,-0.87,-0.0,1
active_248,-0.05,-0.02,-0.84,-0.0,1
active_249,-0.09,-0.04,-0.87,-0.01,1
active_25,-0.07,-0.02,-0.85,-0.0,1
active_250,-0.07,-0.03,-0.74,-0.01,1
active_251,-0.1,-0.03,-0.81,-0.0,1
active_252,-0.08,-0.03,-0.85,-0.0,1
active_253,-0.07,-0.02,-0.86,-0.0,1
active_254,-0.07,-0.02,-0.83,-0.0,1
active_255,-0.08,-0.03,-0.84,-0.0,1
active_256,-0.09,-0.04,-0.87,-0.01,1
active_257,-0.25,-0.18,-0.86,-0.0,1
active_258,-0.04,-0.02,-0.8,-0.0,1
active_259,-0.06,-0.02,-0.77,-0.01,1
active_26,-0.08,-0.03,-0.75,-0.0,1
active_260,-0.08,-0.03,-0.85,-0.0,1
active_261,-0.05,-0.02,-0.62,-0.0,1
active_262,-0.07,-0.03,-0.8,-0.01,1
active_263,-0.05,-0.03,-0.62,-0.01,1
active_264,-0.07,-0.04,-0.77,-0.01,1
active_265,-0.13,-0.1,-0.72,-0.02,1
active_266,-0.07,-0.03,-0.74,-0.0,1
active_267,-0.05,-0.02,-0.83,-0.0,1
active_268,-0.05,-0.02,-0.76,-0.0,1
active_269,-0.06,-0.04,-0.56,-0.01,1
active_27,-0.06,-0.03,-0.68,-0.0,1
active_270,-0.04,-0.02,-0.39,-0.0,1
active_271,-0.07,-0.03,-0.82,-0.01,1
active_272,-0.07,-0.04,-0.55,-0.0,1
active_273,-0.06,-0.03,-0.77,-0.0,1
active_274,-0.06,-0.03,-0.61,-0.01,1
active_275,-0.05,-0.03,-0.6,-0.0,1
active_276,-0.05,-0.03,-0.44,-0.01,1
active_277,-0.07,-0.03,-0.64,-0.01,1
active_278,-0.06,-0.03,-0.73,-0.01,1
active_279,-0.06,-0.03,-0.82,-0.01,1
active_28,-0.1,-0.04,-0.74,-0.0,1
active_280,-0.08,-0.04,-0.77,-0.01,1
active_281,-0.06,-0.02,-0.81,-0.01,1
active_282,-0.06,-0.03,-0.76,-0.01,1
active_283,-0.06,-0.02,-0.66,-0.01,1
active_284,-0.07,-0.03,-0.79,-0.01,1
active_285,-0.05,-0.02,-0.85,-0.0,1
active_286,-0.06,-0.03,-0.81,-0.01,1
active_287,-0.05,-0.03,-0.73,-0.01,1
active_288,-0.06,-0.02,-0.82,-0.0,1
active_289,-0.05,-0.02,-0.79,-0.0,1
active_29,-0.08,-0.03,-0.74,-0.0,1
active_290,-0.05,-0.02,-0.78,-0.0,1
active_291,-0.06,-0.03,-0.82,-0.01,1
active_292,-0.05,-0.02,-0.86,-0.0,1
active_293,-0.06,-0.03,-0.86,-0.01,1
active_294,-0.06,-0.02,-0.87,-0.0,1
active_295,-0.08,-0.05,-0.85,-0.01,1
active_296,-0.07,-0.04,-0.71,-0.01,1
active_297,-0.05,-0.02,-0.71,-0.0,1
active_298,-0.04,-0.02,-0.51,-0.0,1
active_299,-0.04,-0.02,-0.47,-0.0,1
active_3,-0.23,-0.15,-0.81,-0.0,1
active_30,-0.07,-0.02,-0.64,-0.0,1
active_300,-0.05,-0.02,-0.72,-0.01,1
active_301,-0.04,-0.02,-0.6,-0.0,1
active_302,-0.05,-0.02,-0.87,-0.01,1
active_303,-0.05,-0.02,-0.85,-0.0,1
active_304,-0.05,-0.02,-0.75,-0.0,1
active_305,-0.05,-0.02,-0.65,-0.0,1
active_306,-0.05,-0.02,-0.82,-0.01,1
active_307,-0.05,-0.02,-0.69,-0.0,1
active_308,-0.04,-0.02,-0.62,-0.0,1
active_309,-0.08,-0.04,-0.81,-0.01,1
active_31,-0.11,-0.05,-0.84,-0.0,1
active_310,-0.05,-0.02,-0.77,-0.01,1
active_311,-0.05,-0.02,-0.91,-0.0,1
active_312,-0.06,-0.02,-0.9,-0.0,1
active_313,-0.07,-0.03,-0.83,-0.01,1
active_314,-0.07,-0.03,-0.89,-0.0,1
active_315,-0.06,-0.03,-0.77,-0.01,1
active_316,-0.05,-0.03,-0.65,-0.0,1
active_317,-0.1,-0.04,-0.84,-0.0,1
active_318,-0.08,-0.03,-0.84,-0.01,1
active_319,-0.07,-0.03,-0.71,-0.01,1
active_32,-0.06,-0.02,-0.69,-0.0,1
active_320,-0.07,-0.02,-0.84,-0.0,1
active_321,-0.05,-0.03,-0.85,-0.01,1
active_322,-0.09,-0.04,-0.85,-0.0,1
active_323,-0.25,-0.17,-0.82,-0.0,1
active_324,-0.23,-0.15,-0.91,-0.0,1
active_325,-0.26,-0.17,-0.85,-0.0,1
active_326,-0.24,-0.23,-0.64,-0.01,1
active_327,-0.2,-0.1,-0.85,-0.0,1
active_328,-0.27,-0.18,-0.92,-0.0,1
active_329,-0.2,-0.12,-0.76,-0.0,1
active_33,-0.06,-0.02,-0.79,-0.0,1
active_330,-0.26,-0.18,-0.9,-0.0,1
active_331,-0.28,-0.21,-0.84,-0.0,1
active_332,-0.24,-0.14,-0.9,-0.0,1
active_333,-0.03,-0.01,-0.61,-0.0,1
active_334,-0.23,-0.11,-0.84,-0.01,1
active_335,-0.29,-0.23,-0.86,-0.0,1
active_336,-0.25,-0.16,-0.85,-0.0,1
active_337,-0.19,-0.1,-0.84,-0.0,1
active_338,-0.24,-0.16,-0.75,-0.0,1
active_339,-0.27,-0.19,-0.81,-0.01,1
active_34,-0.05,-0.02,-0.66,-0.0,1
active_340,-0.28,-0.21,-0.84,-0.0,1
active_341,-0.05,-0.02,-0.53,-0.01,1
active_342,-0.05,-0.02,-0.67,-0.0,1
active_343,-0.23,-0.2,-0.69,-0.01,1
active_344,-0.08,-0.04,-0.83,-0.0,1
active_345,-0.27,-0.19,-0.84,-0.0,1
active_346,-0.05,-0.03,-0.65,-0.01,1
active_347,-0.21,-0.14,-0.77,-0.0,1
active_348,-0.23,-0.13,-0.84,-0.0,1
active_349,-0.09,-0.03,-0.86,-0.0,1
active_35,-0.08,-0.03,-0.76,-0.0,1
active_350,-0.04,-0.02,-0.69,-0.0,1
active_351,-0.04,-0.01,-0.68,-0.0,1
active_352,-0.19,-0.11,-0.81,-0.0,1
active_353,-0.23,-0.13,-0.81,-0.0,1
active_354,-0.09,-0.05,-0.74,-0.01,1
active_355,-0.29,-0.28,-0.74,-0.01,1
active_356,-0.26,-0.18,-0.91,-0.01,1
active_357,-0.24,-0.14,-0.85,-0.0,1
active_358,-0.24,-0.14,-0.81,-0.0,1
active_359,-0.27,-0.19,-0.87,-0.0,1
active_36,-0.07,-0.03,-0.69,-0.0,1
active_360,-0.21,-0.12,-0.82,-0.0,1
active_361,-0.1,-0.07,-0.45,-0.01,1
active_362,-0.07,-0.04,-0.6,-0.01,1
active_363,-0.07,-0.03,-0.84,-0.0,1
active_364,-0.05,-0.03,-0.53,-0.01,1
active_365,-0.21,-0.12,-0.92,-0.0,1
active_366,-0.27,-0.19,-0.85,-0.0,1
active_367,-0.05,-0.02,-0.75,-0.01,1
active_368,-0.03,-0.02,-0.43,-0.01,1
active_369,-0.24,-0.16,-0.87,-0.01,1
active_37,-0.08,-0.04,-0.72,-0.0,1
active_370,-0.06,-0.03,-0.57,-0.01,1
active_371,-0.08,-0.04,-0.59,-0.01,1
active_372,-0.21,-0.12,-0.8,-0.0,1
active_373,-0.07,-0.04,-0.58,-0.01,1
active_374,-0.09,-0.03,-0.86,-0.0,1
active_375,-0.03,-0.02,-0.45,-0.01,1
active_376,-0.04,-0.02,-0.55,-0.01,1
active_377,-0.13,-0.09,-0.77,-0.02,1
active_378,-0.03,-0.02,-0.8,-0.01,1
active_379,-0.08,-0.05,-0.58,-0.01,1
active_38,-0.06,-0.02,-0.64,-0.0,1
active_380,-0.06,-0.04,-0.48,-0.01,1
active_381,-0.23,-0.13,-0.84,-0.0,1
active_382,-0.11,-0.07,-0.71,-0.01,1
active_383,-0.03,-0.02,-0.75,-0.01,1
active_384,-0.08,-0.04,-0.86,-0.0,1
active_385,-0.27,-0.19,-0.88,-0.0,1
active_386,-0.25,-0.15,-0.86,-0.01,1
active_387,-0.27,-0.18,-0.88,-0.0,1
active_388,-0.22,-0.12,-0.88,-0.0,1
active_389,-0.08,-0.05,-0.44,-0.01,1
active_39,-0.08,-0.03,-0.6,-0.0,1
active_390,-0.07,-0.04,-0.48,-0.01,1
active_391,-0.09,-0.06,-0.5,-0.01,1
active_392,-0.26,-0.17,-0.88,-0.0,1
active_393,-0.14,-0.09,-0.73,-0.01,1
active_394,-0.3,-0.23,-0.89,-0.0,1
active_395,-0.24,-0.14,-0.88,-0.0,1
active_396,-0.26,-0.16,-0.78,-0.0,1
active_397,-0.09,-0.06,-0.45,-0.01,1
active_398,-0.02,-0.01,-0.45,-0.0,1
active_399,-0.1,-0.06,-0.74,-0.01,1
active_4,-0.27,-0.19,-0.89,-0.0,1
active_40,-0.09,-0.03,-0.71,-0.0,1
active_400,-0.23,-0.13,-0.81,-0.0,1
active_401,-0.1,-0.07,-0.72,-0.01,1
active_402,-0.22,-0.14,-0.87,-0.0,1
active_403,-0.11,-0.07,-0.66,-0.01,1
active_404,-0.09,-0.06,-0.45,-0.01,1
active_405,-0.12,-0.07,-0.58,-0.01,1
active_406,-0.23,-0.16,-0.85,-0.01,1
active_407,-0.06,-0.04,-0.51,-0.0,1
active_408,-0.27,-0.26,-0.71,-0.02,1
active_409,-0.28,-0.23,-0.8,-0.01,1
active_41,-0.08,-0.03,-0.76,-0.0,1
active_410,-0.1,-0.06,-0.56,-0.01,1
active_411,-0.11,-0.07,-0.57,-0.01,1
active_412,-0.21,-0.06,-0.91,-0.0,1
active_413,-0.21,-0.06,-0.89,-0.01,1
active_414,-0.18,-0.05,-0.95,-0.0,1
active_415,-0.12,-0.05,-0.85,-0.01,1
active_416,-0.14,-0.05,-0.84,-0.01,1
active_417,-0.14,-0.04,-0.81,-0.0,1
active_418,-0.16,-0.06,-0.8,-0.01,1
active_419,-0.17,-0.06,-0.9,-0.01,1
active_42,-0.1,-0.04,-0.86,-0.0,1
active_420,-0.13,-0.04,-0.82,-0.01,1
active_421,-0.18,-0.04,-0.91,-0.0,1
active_422,-0.11,-0.05,-0.83,-0.01,1
active_423,-0.13,-0.04,-0.85,-0.0,1
active_424,-0.17,-0.05,-0.84,-0.01,1
active_425,-0.09,-0.04,-0.89,-0.01,1
active_426,-0.06,-0.04,-0.44,-0.01,1
active_427,-0.17,-0.04,-0.91,-0.0,1
active_428,-0.09,-0.07,-0.64,-0.01,1
active_429,-0.21,-0.06,-0.91,-0.0,1
active_43,-0.09,-0.03,-0.84,-0.0,1
active_430,-0.27,-0.18,-0.84,-0.0,1
active_431,-0.26,-0.25,-0.6,-0.01,1
active_432,-0.03,-0.02,-0.72,-0.01,1
active_433,-0.03,-0.02,-0.63,-0.0,1
active_434,-0.1,-0.06,-0.63,-0.01,1
active_435,-0.11,-0.07,-0.69,-0.01,1
active_436,-0.17,-0.15,-0.51,-0.03,1
active_437,-0.19,-0.17,-0.55,-0.03,1
active_438,-0.11,-0.07,-0.6,-0.01,1
active_439,-0.07,-0.05,-0.49,-0.01,1
active_44,-0.09,-0.03,-0.79,-0.0,1
active_440,-0.15,-0.09,-0.77,-0.01,1
active_441,-0.12,-0.07,-0.59,-0.01,1
active_442,-0.09,-0.06,-0.47,-0.01,1
active_443,-0.05,-0.01,-0.84,-0.0,1
active_444,-0.33,-0.32,-0.85,-0.01,1
active_445,-0.08,-0.06,-0.45,-0.01,1
active_446,-0.14,-0.05,-0.7,-0.01,1
active_447,-0.16,-0.05,-0.83,-0.01,1
active_448,-0.16,-0.05,-0.83,-0.0,1
active_449,-0.19,-0.1,-0.73,-0.01,1
active_45,-0.05,-0.02,-0.86,-0.0,1
active_450,-0.17,-0.05,-0.85,-0.0,1
active_451,-0.03,-0.02,-0.44,-0.0,1
active_452,-0.11,-0.04,-0.79,-0.01,1
active_453,-0.27,-0.09,-0.94,-0.0,1
active_454,-0.1,-0.03,-0.87,-0.0,1
active_455,-0.12,-0.05,-0.89,-0.01,1
active_456,-0.09,-0.04,-0.92,-0.0,1
active_457,-0.19,-0.06,-0.92,-0.01,1
active_458,-0.12,-0.08,-0.82,-0.01,1
active_459,-0.16,-0.04,-0.79,-0.0,1
active_46,-0.06,-0.02,-0.62,-0.0,1
active_460,-0.17,-0.05,-0.72,-0.0,1
active_461,-0.15,-0.04,-0.89,-0.0,1
active_462,-0.15,-0.05,-0.91,-0.01,1
active_463,-0.11,-0.05,-0.88,-0.0,1
active_464,-0.11,-0.03,-0.94,-0.0,1
active_465,-0.13,-0.08,-0.82,-0.02,1
active_466,-0.11,-0.05,-0.89,-0.01,1
active_467,-0.07,-0.03,-0.6,-0.0,1
active_468,-0.11,-0.05,-0.72,-0.01,1
active_469,-0.15,-0.05,-0.92,-0.0,1
active_47,-0.07,-0.03,-0.72,-0.0,1
active_470,-0.15,-0.05,-0.81,-0.01,1
active_471,-0.25,-0.09,-0.91,-0.0,1
active_472,-0.07,-0.03,-0.68,-0.01,1
active_473,-0.07,-0.03,-0.76,-0.01,1
active_474,-0.1,-0.04,-0.9,-0.01,1
active_475,-0.16,-0.05,-0.84,-0.0,1
active_476,-0.06,-0.03,-0.53,-0.0,1
active_477,-0.16,-0.04,-0.87,-0.01,1
active_478,-0.22,-0.11,-0.92,-0.0,1
active_479,-0.09,-0.03,-0.68,-0.0,1
active_48,-0.09,-0.04,-0.78,-0.0,1
active_480,-0.24,-0.14,-0.84,-0.0,1
active_481,-0.08,-0.06,-0.61,-0.01,0
active_482,-0.34,-0.35,-0.76,-0.02,0
active_483,-0.08,-0.06,-0.55,-0.01,0
active_484,-0.08,-0.06,-0.52,-0.01,0
active_485,-0.05,-0.03,-0.78,-0.01,0
active_486,-0.28,-0.25,-0.81,-0.01,0
active_487,-0.03,-0.02,-0.37,-0.0,0
active_488,-0.29,-0.24,-0.81,-0.0,0
active_489,-0.05,-0.02,-0.68,-0.0,0
active_49,-0.1,-0.04,-0.82,-0.0,1
active_490,-0.07,-0.03,-0.54,-0.0,0
active_491,-0.36,-0.36,-0.81,-0.02,0
active_492,-0.11,-0.07,-0.69,-0.01,0
active_493,-0.24,-0.13,-0.9,-0.0,0
active_494,-0.29,-0.29,-0.74,-0.02,0
active_495,-0.05,-0.03,-0.67,-0.0,0
active_496,-0.32,-0.32,-0.75,-0.03,0
active_497,-0.32,-0.33,-0.73,-0.02,0
active_498,-0.41,-0.44,-0.81,-0.02,0
active_499,-0.24,-0.21,-0.71,-0.01,0
active_5,-0.29,-0.21,-0.91,-0.01,1
active_50,-0.05,-0.02,-0.73,-0.0,1
active_500,-0.42,-0.46,-0.8,-0.02,0
active_501,-0.36,-0.37,-0.75,-0.02,0
active_502,-0.37,-0.4,-0.77,-0.02,0
active_503,-0.09,-0.05,-0.92,-0.01,0
active_504,-0.12,-0.08,-0.73,-0.01,0
active_505,-0.1,-0.07,-0.75,-0.01,0
active_506,-0.09,-0.07,-0.58,-0.01,0
active_507,-0.1,-0.08,-0.81,-0.01,0
active_508,-0.1,-0.08,-0.63,-0.01,0
active_509,-0.1,-0.08,-0.74,-0.01,0
active_51,-0.07,-0.03,-0.71,-0.0,1
active_510,-0.09,-0.07,-0.78,-0.01,0
active_511,-0.07,-0.05,-0.64,-0.01,0
active_512,-0.09,-0.06,-0.66,-0.01,0
active_513,-0.11,-0.07,-0.88,-0.01,0
active_514,-0.09,-0.06,-0.78,-0.01,0
active_515,-0.1,-0.06,-0.8,-0.01,0
active_516,-0.07,-0.05,-0.51,-0.01,0
active_517,-0.1,-0.07,-0.84,-0.01,0
active_518,-0.1,-0.07,-0.66,-0.01,0
active_519,-0.11,-0.07,-0.69,-0.01,0
active_52,-0.08,-0.03,-0.84,-0.0,1
active_520,-0.09,-0.06,-0.63,-0.01,0
active_521,-0.1,-0.08,-0.64,-0.02,0
active_522,-0.12,-0.08,-0.81,-0.01,0
active_523,-0.13,-0.1,-0.88,-0.01,0
active_524,-0.11,-0.09,-0.68,-0.01,0
active_525,-0.1,-0.07,-0.77,-0.01,0
active_526,-0.1,-0.07,-0.67,-0.01,0
active_527,-0.12,-0.09,-0.81,-0.01,0
active_528,-0.1,-0.08,-0.66,-0.01,0
active_529,-0.12,-0.08,-0.76,-0.01,0
active_53,-0.06,-0.02,-0.72,-0.0,1
active_530,-0.11,-0.07,-0.63,-0.01,0
active_531,-0.12,-0.09,-0.76,-0.01,0
active_532,-0.12,-0.09,-0.66,-0.01,0
active_533,-0.11,-0.08,-0.61,-0.01,0
active_534,-0.07,-0.05,-0.86,-0.01,0
active_535,-0.13,-0.09,-0.83,-0.01,0
active_536,-0.1,-0.07,-0.72,-0.01,0
active_537,-0.09,-0.05,-0.89,-0.01,0
active_538,-0.1,-0.08,-0.79,-0.01,0
active_539,-0.08,-0.05,-0.93,-0.01,0
active_54,-0.04,-0.02,-0.7,-0.0,1
active_540,-0.08,-0.05,-0.57,-0.01,0
active_541,-0.11,-0.07,-0.83,-0.01,0
active_542,-0.08,-0.05,-0.62,-0.01,0
active_543,-0.11,-0.06,-0.87,-0.01,0
active_544,-0.09,-0.06,-0.65,-0.01,0
active_545,-0.08,-0.05,-0.87,-0.01,0
active_546,-0.11,-0.06,-0.87,-0.01,0
active_547,-0.11,-0.07,-0.79,-0.01,0
active_548,-0.1,-0.06,-0.82,-0.01,0
active_549,-0.08,-0.05,-0.89,-0.0,0
active_55,-0.06,-0.02,-0.76,-0.0,1
active_550,-0.1,-0.07,-0.61,-0.01,0
active_551,-0.08,-0.04,-0.91,-0.0,0
active_552,-0.08,-0.05,-0.76,-0.0,0
active_553,-0.08,-0.05,-0.9,-0.01,0
active_554,-0.09,-0.06,-0.56,-0.01,0
active_555,-0.09,-0.05,-0.9,-0.01,0
active_556,-0.07,-0.04,-0.56,-0.01,0
active_557,-0.09,-0.06,-0.73,-0.01,0
active_558,-0.09,-0.05,-0.79,-0.0,0
active_559,-0.07,-0.05,-0.67,-0.01,0
active_56,-0.08,-0.04,-0.7,-0.0,1
active_560,-0.07,-0.05,-0.51,-0.01,0
active_561,-0.06,-0.04,-0.5,-0.01,0
active_562,-0.07,-0.04,-0.67,-0.01,0
active_563,-0.07,-0.04,-0.51,-0.01,0
active_564,-0.11,-0.06,-0.93,-0.01,0
active_565,-0.11,-0.06,-0.88,-0.01,0
active_566,-0.08,-0.05,-0.89,-0.01,0
active_567,-0.09,-0.05,-0.87,-0.01,0
active_568,-0.09,-0.05,-0.72,-0.01,0
active_569,-0.11,-0.08,-0.81,-0.01,0
active_57,-0.07,-0.04,-0.62,-0.01,1
active_570,-0.11,-0.08,-0.58,-0.01,0
active_571,-0.07,-0.05,-0.68,-0.01,0
active_572,-0.08,-0.05,-0.8,-0.01,0
active_573,-0.07,-0.04,-0.64,-0.01,0
active_574,-0.1,-0.06,-0.8,-0.01,0
active_575,-0.08,-0.06,-0.87,-0.01,0
active_576,-0.07,-0.05,-0.92,-0.01,0
active_577,-0.07,-0.05,-0.72,-0.01,0
active_578,-0.08,-0.05,-0.83,-0.01,0
active_579,-0.08,-0.05,-0.65,-0.01,0
active_58,-0.05,-0.03,-0.67,-0.01,1
active_580,-0.08,-0.04,-0.77,-0.01,0
active_581,-0.08,-0.05,-0.93,-0.01,0
active_582,-0.08,-0.04,-0.86,-0.01,0
active_583,-0.09,-0.05,-0.88,-0.01,0
active_584,-0.08,-0.05,-0.63,-0.01,0
active_585,-0.07,-0.04,-0.74,-0.01,0
active_586,-0.08,-0.05,-0.76,-0.01,0
active_587,-0.12,-0.09,-0.74,-0.01,0
active_588,-0.09,-0.07,-0.76,-0.01,0
active_589,-0.11,-0.09,-0.6,-0.01,0
active_59,-0.08,-0.03,-0.79,-0.0,1
active_590,-0.12,-0.08,-0.88,-0.01,0
active_591,-0.11,-0.08,-0.73,-0.01,0
active_592,-0.11,-0.08,-0.73,-0.01,0
active_593,-0.12,-0.08,-0.7,-0.01,0
active_594,-0.11,-0.08,-0.75,-0.01,0
active_595,-0.11,-0.08,-0.81,-0.01,0
active_596,-0.12,-0.08,-0.73,-0.01,0
active_597,-0.09,-0.06,-0.71,-0.01,0
active_598,-0.07,-0.04,-0.62,-0.01,0
active_599,-0.09,-0.06,-0.59,-0.01,0
active_6,-0.31,-0.24,-0.86,-0.0,1
active_60,-0.07,-0.03,-0.86,-0.0,1
active_600,-0.09,-0.06,-0.68,-0.01,0
active_601,-0.07,-0.05,-0.64,-0.01,0
active_602,-0.08,-0.07,-0.54,-0.01,0
active_603,-0.08,-0.05,-0.63,-0.01,0
active_604,-0.07,-0.04,-0.69,-0.01,0
active_605,-0.08,-0.05,-0.81,-0.01,0
active_606,-0.1,-0.08,-0.62,-0.01,0
active_607,-0.06,-0.04,-0.63,-0.0,0
active_608,-0.06,-0.04,-0.76,-0.01,0
active_609,-0.05,-0.03,-0.51,-0.0,0
active_61,-0.07,-0.03,-0.8,-0.0,1
active_610,-0.05,-0.03,-0.5,-0.01,0
active_611,-0.11,-0.07,-0.7,-0.01,0
active_612,-0.08,-0.05,-0.71,-0.01,0
active_613,-0.1,-0.08,-0.72,-0.01,0
active_614,-0.11,-0.08,-0.72,-0.01,0
active_615,-0.12,-0.08,-0.9,-0.01,0
active_616,-0.11,-0.08,-0.76,-0.02,0
active_617,-0.12,-0.09,-0.81,-0.02,0
active_618,-0.11,-0.08,-0.68,-0.01,0
active_619,-0.07,-0.05,-0.66,-0.0,0
active_62,-0.1,-0.04,-0.8,-0.0,1
active_620,-0.07,-0.04,-0.64,-0.01,0
active_621,-0.07,-0.04,-0.82,-0.0,0
active_622,-0.06,-0.03,-0.9,-0.01,0
active_623,-0.07,-0.04,-0.82,-0.0,0
active_624,-0.06,-0.04,-0.56,-0.01,0
active_625,-0.08,-0.05,-0.79,-0.01,0
active_626,-0.06,-0.04,-0.53,-0.01,0
active_627,-0.07,-0.04,-0.83,-0.0,0
active_628,-0.07,-0.04,-0.75,-0.01,0
active_629,-0.06,-0.04,-0.78,-0.01,0
active_63,-0.08,-0.03,-0.81,-0.0,1
active_630,-0.07,-0.05,-0.52,-0.01,0
active_631,-0.08,-0.05,-0.67,-0.01,0
active_632,-0.08,-0.05,-0.63,-0.01,0
active_633,-0.07,-0.05,-0.42,-0.01,0
active_634,-0.07,-0.04,-0.75,-0.01,0
active_635,-0.09,-0.05,-0.9,-0.01,0
active_636,-0.06,-0.03,-0.65,-0.01,0
active_637,-0.07,-0.04,-0.84,-0.0,0
active_638,-0.06,-0.04,-0.66,-0.01,0
active_639,-0.07,-0.04,-0.86,-0.01,0
active_64,-0.09,-0.03,-0.75,-0.0,1
active_640,-0.08,-0.05,-0.68,-0.0,0
active_641,-0.07,-0.05,-0.62,-0.0,0
active_642,-0.06,-0.04,-0.53,-0.01,0
active_643,-0.06,-0.04,-0.42,-0.01,0
active_644,-0.07,-0.04,-0.83,-0.01,0
active_645,-0.06,-0.04,-0.85,-0.0,0
active_646,-0.07,-0.04,-0.74,-0.01,0
active_647,-0.08,-0.06,-0.73,-0.01,0
active_648,-0.06,-0.04,-0.73,-0.0,0
active_649,-0.07,-0.05,-0.53,-0.01,0
active_65,-0.09,-0.03,-0.8,-0.0,1
active_650,-0.11,-0.08,-0.79,-0.01,0
active_651,-0.06,-0.04,-0.52,-0.0,0
active_652,-0.05,-0.03,-0.75,-0.0,0
active_653,-0.06,-0.04,-0.64,-0.01,0
active_654,-0.08,-0.05,-0.87,-0.01,0
active_655,-0.08,-0.05,-0.69,-0.01,0
active_656,-0.06,-0.05,-0.47,-0.01,0
active_657,-0.08,-0.05,-0.74,-0.01,0
active_658,-0.11,-0.06,-0.79,-0.01,0
active_659,-0.07,-0.04,-0.55,-0.01,0
active_66,-0.06,-0.02,-0.9,-0.0,1
active_660,-0.06,-0.04,-0.55,-0.01,0
active_661,-0.08,-0.05,-0.68,-0.01,0
active_662,-0.1,-0.06,-0.71,-0.01,0
active_663,-0.08,-0.05,-0.89,-0.01,0
active_664,-0.08,-0.04,-0.63,-0.01,0
active_665,-0.06,-0.04,-0.67,-0.0,0
active_666,-0.09,-0.05,-0.76,-0.0,0
active_667,-0.07,-0.04,-0.73,-0.0,0
active_668,-0.07,-0.04,-0.86,-0.0,0
active_669,-0.1,-0.06,-0.81,-0.0,0
active_67,-0.07,-0.03,-0.84,-0.0,1
active_670,-0.07,-0.04,-0.83,-0.01,0
active_671,-0.07,-0.04,-0.59,-0.01,0
active_672,-0.28,-0.26,-0.61,-0.05,0
active_673,-0.34,-0.35,-0.78,-0.02,0
active_674,-0.34,-0.35,-0.81,-0.02,0
active_675,-0.29,-0.3,-0.75,-0.02,0
active_676,-0.4,-0.44,-0.8,-0.01,0
active_677,-0.37,-0.39,-0.76,-0.02,0
active_678,-0.06,-0.04,-0.44,-0.0,0
active_679,-0.39,-0.43,-0.84,-0.0,0
active_68,-0.07,-0.03,-0.86,-0.0,1
active_680,-0.35,-0.37,-0.79,-0.02,0
active_681,-0.33,-0.34,-0.72,-0.03,0
active_682,-0.2,-0.11,-0.81,-0.0,0
active_683,-0.33,-0.35,-0.71,-0.02,0
active_684,-0.41,-0.43,-0.81,-0.02,0
active_685,-0.34,-0.35,-0.75,-0.02,0
active_686,-0.33,-0.33,-0.76,-0.02,0
active_687,-0.28,-0.26,-0.79,-0.04,0
active_688,-0.34,-0.35,-0.74,-0.03,0
active_689,-0.36,-0.38,-0.75,-0.03,0
active_69,-0.08,-0.02,-0.82,-0.0,1
active_690,-0.32,-0.35,-0.78,-0.02,0
active_691,-0.4,-0.42,-0.83,-0.02,0
active_692,-0.11,-0.08,-0.69,-0.01,0
active_693,-0.05,-0.02,-0.57,-0.0,0
active_694,-0.35,-0.37,-0.76,-0.02,0
active_695,-0.31,-0.32,-0.76,-0.03,0
active_696,-0.35,-0.37,-0.85,-0.02,0
active_697,-0.24,-0.16,-0.82,-0.01,0
active_698,-0.24,-0.16,-0.82,-0.01,0
active_699,-0.22,-0.14,-0.85,-0.01,0
active_7,-0.24,-0.14,-0.84,-0.0,1
active_70,-0.05,-0.02,-0.84,-0.0,1
active_700,-0.27,-0.22,-0.83,-0.01,0
active_701,-0.07,-0.04,-0.7,-0.01,0
active_702,-0.18,-0.12,-0.82,-0.01,0
active_703,-0.24,-0.16,-0.81,-0.01,0
active_704,-0.25,-0.21,-0.76,-0.01,0
active_705,-0.16,-0.12,-0.67,-0.01,0
active_706,-0.26,-0.19,-0.82,-0.01,0
active_707,-0.3,-0.24,-0.85,-0.0,0
active_708,-0.23,-0.2,-0.82,-0.02,0
active_709,-0.24,-0.21,-0.69,-0.01,0
active_71,-0.06,-0.03,-0.87,-0.0,1
active_710,-0.22,-0.14,-0.79,-0.0,0
active_711,-0.23,-0.16,-0.77,-0.01,0
active_712,-0.29,-0.24,-0.84,-0.02,0
active_713,-0.33,-0.3,-0.84,-0.01,0
active_714,-0.28,-0.2,-0.83,-0.02,0
active_715,-0.28,-0.21,-0.84,-0.01,0
active_716,-0.28,-0.23,-0.84,-0.01,0
active_717,-0.15,-0.09,-0.76,-0.01,0
active_718,-0.26,-0.19,-0.85,-0.0,0
active_719,-0.09,-0.05,-0.68,-0.01,0
active_72,-0.1,-0.04,-0.85,-0.01,1
active_720,-0.15,-0.08,-0.78,-0.01,0
active_721,-0.1,-0.06,-0.54,-0.01,0
active_722,-0.06,-0.03,-0.84,-0.01,0
active_723,-0.07,-0.04,-0.71,-0.01,0
active_724,-0.07,-0.05,-0.63,-0.01,0
active_725,-0.07,-0.04,-0.81,-0.01,0
active_726,-0.08,-0.05,-0.66,-0.01,0
active_727,-0.11,-0.06,-0.77,-0.01,0
active_728,-0.25,-0.19,-0.87,-0.01,0
active_729,-0.27,-0.2,-0.75,-0.02,0
active_73,-0.05,-0.02,-0.76,-0.0,1
active_730,-0.13,-0.08,-0.79,-0.01,0
active_731,-0.2,-0.15,-0.78,-0.01,0
active_732,-0.12,-0.07,-0.77,-0.01,0
active_733,-0.08,-0.05,-0.69,-0.01,0
active_734,-0.08,-0.04,-0.8,-0.01,0
active_735,-0.09,-0.05,-0.81,-0.01,0
active_736,-0.26,-0.23,-0.73,-0.04,0
active_737,-0.1,-0.07,-0.71,-0.01,0
active_738,-0.06,-0.03,-0.57,-0.0,0
active_739,-0.06,-0.03,-0.56,-0.0,0
active_74,-0.07,-0.03,-0.76,-0.0,1
active_740,-0.07,-0.04,-0.49,-0.0,0
active_741,-0.06,-0.04,-0.47,-0.01,0
active_742,-0.05,-0.03,-0.53,-0.01,0
active_743,-0.1,-0.07,-0.67,-0.0,0
active_744,-0.11,-0.07,-0.65,-0.0,0
active_745,-0.06,-0.04,-0.63,-0.0,0
active_746,-0.08,-0.04,-0.75,-0.01,0
active_747,-0.06,-0.04,-0.54,-0.01,0
active_748,-0.05,-0.03,-0.49,-0.0,0
active_749,-0.06,-0.03,-0.71,-0.01,0
active_75,-0.1,-0.04,-0.85,-0.01,1
active_750,-0.04,-0.03,-0.63,-0.01,0
active_751,-0.06,-0.03,-0.67,-0.01,0
active_752,-0.05,-0.03,-0.52,-0.0,0
active_753,-0.05,-0.03,-0.6,-0.01,0
active_754,-0.06,-0.03,-0.64,-0.01,0
active_755,-0.05,-0.03,-0.48,-0.01,0
active_756,-0.07,-0.04,-0.75,-0.0,0
active_757,-0.05,-0.03,-0.58,-0.01,0
active_758,-0.06,-0.04,-0.63,-0.01,0
active_759,-0.05,-0.03,-0.59,-0.01,0
active_76,-0.07,-0.03,-0.79,-0.0,1
active_760,-0.06,-0.03,-0.71,-0.01,0
active_761,-0.05,-0.03,-0.61,-0.0,0
active_762,-0.06,-0.03,-0.6,-0.01,0
active_763,-0.05,-0.03,-0.61,-0.01,0
active_764,-0.06,-0.03,-0.49,-0.01,0
active_765,-0.03,-0.02,-0.36,-0.0,0
active_766,-0.05,-0.03,-0.65,-0.0,0
active_767,-0.06,-0.03,-0.63,-0.0,0
active_768,-0.17,-0.04,-0.88,-0.01,0
active_769,-0.13,-0.05,-0.88,-0.01,0
active_77,-0.11,-0.08,-0.79,-0.01,1
active_770,-0.09,-0.05,-0.89,-0.01,0
active_771,-0.13,-0.06,-0.9,-0.01,0
active_772,-0.09,-0.04,-0.72,-0.01,0
active_773,-0.14,-0.04,-0.86,-0.0,0
active_774,-0.15,-0.08,-0.85,-0.01,0
active_775,-0.1,-0.04,-0.77,-0.0,0
active_776,-0.11,-0.04,-0.78,-0.01,0
active_777,-0.07,-0.03,-0.64,-0.01,0
active_778,-0.17,-0.05,-0.9,-0.0,0
active_779,-0.17,-0.05,-0.91,-0.01,0
active_78,-0.08,-0.03,-0.77,-0.0,1
active_780,-0.18,-0.05,-0.87,-0.01,0
active_781,-0.04,-0.02,-0.49,-0.0,0
active_782,-0.21,-0.12,-0.84,-0.0,0
active_783,-0.08,-0.04,-0.72,-0.0,0
active_784,-0.05,-0.03,-0.59,-0.01,0
active_785,-0.11,-0.06,-0.64,-0.01,0
active_786,-0.07,-0.05,-0.73,-0.01,0
active_787,-0.26,-0.17,-0.87,-0.0,0
active_788,-0.08,-0.03,-0.86,-0.0,0
active_789,-0.05,-0.02,-0.59,-0.0,0
active_79,-0.06,-0.02,-0.72,-0.0,1
active_790,-0.16,-0.11,-0.89,-0.02,0
active_791,-0.13,-0.07,-0.86,-0.01,0
active_792,-0.19,-0.1,-0.76,-0.0,0
active_793,-0.05,-0.03,-0.59,-0.01,0
active_794,-0.04,-0.02,-0.55,-0.0,0
active_795,-0.1,-0.03,-0.94,-0.0,0
active_796,-0.05,-0.03,-0.59,-0.0,0
active_797,-0.07,-0.04,-0.86,-0.01,0
active_798,-0.04,-0.02,-0.65,-0.0,0
active_799,-0.04,-0.02,-0.49,-0.0,0
active_8,-0.28,-0.21,-0.87,-0.0,1
active_80,-0.07,-0.03,-0.81,-0.0,1
active_800,-0.08,-0.04,-0.71,-0.0,0
active_801,-0.04,-0.02,-0.42,-0.0,0
active_802,-0.04,-0.02,-0.43,-0.0,0
active_803,-0.05,-0.03,-0.56,-0.0,0
active_804,-0.04,-0.02,-0.67,-0.0,0
active_805,-0.05,-0.02,-0.7,-0.0,0
active_806,-0.05,-0.03,-0.53,-0.0,0
active_807,-0.04,-0.02,-0.6,-0.0,0
active_808,-0.06,-0.04,-0.56,-0.0,0
active_809,-0.07,-0.04,-0.57,-0.0,0
active_81,-0.08,-0.03,-0.8,-0.0,1
active_810,-0.04,-0.03,-0.44,-0.0,0
active_811,-0.07,-0.02,-0.73,-0.0,0
active_812,-0.08,-0.03,-0.9,-0.0,0
active_813,-0.05,-0.03,-0.47,-0.01,0
active_814,-0.05,-0.03,-0.59,-0.01,0
active_815,-0.05,-0.02,-0.55,-0.0,0
active_816,-0.06,-0.03,-0.5,-0.0,0
active_817,-0.06,-0.03,-0.56,-0.0,0
active_818,-0.04,-0.02,-0.51,-0.0,0
active_819,-0.05,-0.03,-0.63,-0.0,0
active_82,-0.08,-0.03,-0.74,-0.0,1
active_820,-0.06,-0.03,-0.58,-0.0,0
active_821,-0.04,-0.02,-0.58,-0.01,0
active_822,-0.05,-0.03,-0.53,-0.01,0
active_823,-0.05,-0.03,-0.55,-0.01,0
active_824,-0.05,-0.03,-0.68,-0.0,0
active_825,-0.05,-0.03,-0.51,-0.01,0
active_826,-0.05,-0.03,-0.6,-0.01,0
active_827,-0.05,-0.03,-0.55,-0.0,0
active_828,-0.03,-0.02,-0.36,-0.0,0
active_829,-0.04,-0.03,-0.54,-0.01,0
active_83,-0.06,-0.02,-0.82,-0.0,1
active_830,-0.06,-0.03,-0.7,-0.01,0
active_831,-0.03,-0.02,-0.41,-0.0,0
active_832,-0.04,-0.02,-0.42,-0.0,0
active_833,-0.05,-0.03,-0.47,-0.0,0
active_834,-0.06,-0.03,-0.66,-0.0,0
active_835,-0.04,-0.02,-0.45,-0.0,0
active_836,-0.05,-0.03,-0.42,-0.0,0
active_837,-0.05,-0.03,-0.56,-0.0,0
active_838,-0.04,-0.03,-0.39,-0.01,0
active_839,-0.06,-0.03,-0.64,-0.0,0
active_84,-0.1,-0.04,-0.83,-0.0,1
active_840,-0.04,-0.02,-0.47,-0.0,0
active_841,-0.06,-0.03,-0.71,-0.0,0
active_842,-0.05,-0.03,-0.65,-0.0,0
active_843,-0.04,-0.02,-0.72,-0.0,0
active_844,-0.05,-0.03,-0.5,-0.0,0
active_845,-0.16,-0.05,-0.87,-0.0,0
active_846,-0.18,-0.06,-0.91,-0.0,0
active_847,-0.04,-0.02,-0.5,-0.0,0
active_848,-0.06,-0.03,-0.51,-0.0,0
active_849,-0.05,-0.02,-0.51,-0.0,0
active_85,-0.08,-0.03,-0.88,-0.0,1
active_850,-0.1,-0.06,-0.73,-0.0,0
active_851,-0.07,-0.04,-0.64,-0.0,0
active_852,-0.08,-0.04,-0.57,-0.0,0
active_853,-0.09,-0.06,-0.69,-0.01,0
active_854,-0.08,-0.06,-0.73,-0.01,0
active_855,-0.08,-0.05,-0.75,-0.01,0
active_856,-0.06,-0.03,-0.58,-0.0,0
active_857,-0.05,-0.02,-0.42,-0.0,0
active_858,-0.08,-0.04,-0.78,-0.0,0
active_859,-0.05,-0.02,-0.64,-0.0,0
active_86,-0.07,-0.04,-0.68,-0.0,1
active_860,-0.06,-0.03,-0.72,-0.01,0
active_861,-0.08,-0.04,-0.85,-0.01,0
active_862,-0.06,-0.02,-0.82,-0.0,0
active_863,-0.06,-0.02,-0.67,-0.01,0
active_864,-0.07,-0.03,-0.78,-0.01,0
active_865,-0.06,-0.04,-0.53,-0.01,0
active_866,-0.06,-0.03,-0.71,-0.0,0
active_867,-0.04,-0.02,-0.46,-0.0,0
active_868,-0.04,-0.02,-0.47,-0.0,0
active_869,-0.05,-0.02,-0.77,-0.01,0
active_87,-0.1,-0.04,-0.72,-0.0,1
active_870,-0.06,-0.03,-0.7,-0.01,0
active_871,-0.08,-0.03,-0.73,-0.0,0
active_872,-0.04,-0.03,-0.53,-0.01,0
active_873,-0.07,-0.03,-0.74,-0.0,0
active_874,-0.05,-0.03,-0.79,-0.01,0
active_875,-0.05,-0.03,-0.66,-0.01,0
active_876,-0.05,-0.03,-0.47,-0.01,0
active_877,-0.07,-0.02,-0.78,-0.0,0
active_878,-0.05,-0.03,-0.51,-0.01,0
active_879,-0.05,-0.03,-0.63,-0.01,0
active_88,-0.07,-0.02,-0.81,-0.0,1
active_880,-0.05,-0.03,-0.52,-0.01,0
active_881,-0.06,-0.03,-0.61,-0.01,0
active_882,-0.05,-0.03,-0.51,-0.01,0
active_883,-0.06,-0.04,-0.74,-0.01,0
active_884,-0.11,-0.06,-0.75,-0.01,0
active_885,-0.06,-0.03,-0.79,-0.01,0
active_886,-0.05,-0.03,-0.64,-0.01,0
active_887,-0.05,-0.03,-0.59,-0.01,0
active_888,-0.08,-0.04,-0.71,-0.0,0
active_889,-0.06,-0.03,-0.81,-0.01,0
active_89,-0.09,-0.04,-0.75,-0.01,1
active_890,-0.04,-0.03,-0.6,-0.01,0
active_891,-0.16,-0.04,-0.86,-0.0,0
active_892,-0.23,-0.12,-0.92,-0.0,0
active_893,-0.07,-0.04,-0.74,-0.0,0
active_894,-0.14,-0.04,-0.84,-0.0,0
active_895,-0.09,-0.03,-0.89,-0.01,0
active_896,-0.12,-0.05,-0.88,-0.01,0
active_897,-0.12,-0.06,-0.83,-0.01,0
active_898,-0.11,-0.05,-0.73,-0.01,0
active_899,-0.15,-0.05,-0.85,-0.01,0
active_9,-0.21,-0.14,-0.79,-0.0,1
active_90,-0.07,-0.03,-0.71,-0.0,1
active_900,-0.24,-0.13,-0.84,-0.0,0
active_901,-0.17,-0.06,-0.78,-0.01,0
active_902,-0.1,-0.05,-0.88,-0.01,0
active_903,-0.12,-0.05,-0.92,-0.0,0
active_904,-0.1,-0.06,-0.82,-0.01,0
active_905,-0.11,-0.05,-0.91,-0.01,0
active_906,-0.13,-0.05,-0.8,-0.01,0
active_907,-0.04,-0.02,-0.5,-0.0,0
active_908,-0.06,-0.03,-0.6,-0.0,0
active_909,-0.2,-0.06,-0.88,-0.0,0
active_91,-0.05,-0.02,-0.63,-0.0,1
active_910,-0.2,-0.06,-0.89,-0.0,0
active_911,-0.25,-0.13,-0.93,-0.0,0
active_912,-0.23,-0.11,-0.88,-0.0,0
active_913,-0.22,-0.06,-0.93,-0.0,0
active_914,-0.18,-0.06,-0.79,-0.0,0
active_915,-0.1,-0.04,-0.84,-0.0,0
active_916,-0.09,-0.04,-0.61,-0.0,0
active_917,-0.17,-0.06,-0.84,-0.01,0
active_918,-0.14,-0.05,-0.88,-0.0,0
active_919,-0.06,-0.04,-0.55,-0.0,0
active_92,-0.06,-0.02,-0.85,-0.0,1
active_920,-0.23,-0.06,-0.9,-0.0,0
active_921,-0.18,-0.05,-0.92,-0.0,0
active_922,-0.19,-0.06,-0.93,-0.01,0
active_923,-0.15,-0.04,-0.88,-0.0,0
active_924,-0.07,-0.02,-0.82,-0.0,0
active_925,-0.15,-0.04,-0.9,-0.0,0
active_926,-0.2,-0.11,-0.74,-0.01,0
active_927,-0.16,-0.05,-0.82,-0.0,0
active_928,-0.26,-0.1,-0.91,-0.0,0
active_929,-0.15,-0.05,-0.78,-0.01,0
active_93,-0.07,-0.02,-0.84,-0.0,1
active_930,-0.28,-0.13,-0.93,-0.0,0
active_931,-0.06,-0.02,-0.81,-0.0,0
active_932,-0.2,-0.05,-0.94,-0.0,0
active_933,-0.16,-0.05,-0.83,-0.0,0
active_934,-0.07,-0.02,-0.8,-0.0,0
active_935,-0.09,-0.03,-0.83,-0.0,0
active_936,-0.1,-0.06,-0.71,-0.01,0
active_937,-0.07,-0.03,-0.69,-0.0,0
active_938,-0.04,-0.03,-0.38,-0.0,0
active_939,-0.07,-0.04,-0.76,-0.01,0
active_94,-0.09,-0.04,-0.86,-0.0,1
active_940,-0.11,-0.04,-0.69,-0.0,0
active_941,-0.21,-0.19,-0.65,-0.02,0
active_942,-0.24,-0.14,-0.9,-0.0,0
active_943,-0.06,-0.02,-0.76,-0.0,0
active_944,-0.15,-0.04,-0.76,-0.0,0
active_945,-0.21,-0.06,-0.9,-0.01,0
active_946,-0.17,-0.05,-0.83,-0.0,0
active_947,-0.08,-0.06,-0.53,-0.01,0
active_948,-0.06,-0.02,-0.81,-0.0,0
active_949,-0.13,-0.04,-0.73,-0.0,0
active_95,-0.05,-0.02,-0.83,-0.0,1
active_950,-0.06,-0.04,-0.5,-0.01,0
active_951,-0.07,-0.04,-0.56,-0.01,0
active_952,-0.08,-0.04,-0.64,-0.01,0
active_953,-0.05,-0.03,-0.46,-0.01,0
active_954,-0.05,-0.03,-0.51,-0.01,0
active_955,-0.06,-0.03,-0.56,-0.01,0
active_956,-0.06,-0.04,-0.58,-0.01,0
active_957,-0.05,-0.02,-0.66,-0.01,0
active_958,-0.05,-0.03,-0.49,-0.0,0
active_959,-0.07,-0.04,-0.55,-0.01,0
active_96,-0.06,-0.02,-0.68,-0.0,1
active_960,-0.06,-0.03,-0.57,-0.01,0
active_961,-0.05,-0.03,-0.45,-0.01,0
active_962,-0.04,-0.03,-0.43,-0.01,0
active_963,-0.04,-0.03,-0.45,-0.0,0
active_964,-0.06,-0.04,-0.58,-0.01,0
active_965,-0.04,-0.02,-0.38,-0.0,0
active_966,-0.06,-0.03,-0.68,-0.01,0
active_967,-0.04,-0.03,-0.37,-0.0,0
active_968,-0.04,-0.03,-0.41,-0.01,0
active_969,-0.04,-0.03,-0.41,-0.0,0
active_97,-0.09,-0.04,-0.83,-0.0,1
active_970,-0.04,-0.03,-0.4,-0.0,0
active_971,-0.06,-0.04,-0.51,-0.01,0
active_972,-0.05,-0.03,-0.46,-0.01,0
active_973,-0.05,-0.03,-0.67,-0.01,0
active_974,-0.04,-0.03,-0.56,-0.0,0
active_975,-0.06,-0.03,-0.56,-0.01,0
active_976,-0.05,-0.03,-0.66,-0.01,0
active_977,-0.06,-0.03,-0.68,-0.01,0
active_978,-0.07,-0.04,-0.72,-0.01,0
active_979,-0.06,-0.04,-0.62,-0.01,0
active_98,-0.08,-0.03,-0.75,-0.0,1
active_980,-0.06,-0.04,-0.69,-0.01,0
active_981,-0.06,-0.03,-0.65,-0.01,0
active_982,-0.05,-0.03,-0.59,-0.01,0
active_983,-0.06,-0.04,-0.72,-0.01,0
active_984,-0.07,-0.04,-0.63,-0.01,0
active_985,-0.07,-0.04,-0.62,-0.01,0
active_986,-0.07,-0.04,-0.63,-0.01,0
active_987,-0.06,-0.03,-0.7,-0.01,0
active_988,-0.07,-0.04,-0.64,-0.01,0
active_989,-0.08,-0.05,-0.72,-0.01,0
active_99,-0.08,-0.03,-0.86,-0.0,1
active_990,-0.06,-0.04,-0.54,-0.01,0
active_991,-0.05,-0.03,-0.55,-0.01,0
active_992,-0.06,-0.04,-0.56,-0.01,0
active_993,-0.06,-0.04,-0.48,-0.01,0
active_994,-0.06,-0.03,-0.48,-0.01,0
active_995,-0.05,-0.03,-0.43,-0.01,0
active_996,-0.05,-0.03,-0.51,-0.01,0
active_997,-0.06,-0.04,-0.53,-0.01,0
active_998,-0.06,-0.04,-0.45,-0.01,0
active_999,-0.06,-0.04,-0.57,-0.01,0
