,vina_gpu_mean,vina_gpu_median,vina_gpu_max,vina_gpu_min,Active
active_1,-8.92,-8.7,-8.5,-9.7,1
active_10,-9.28,-9.0,-8.9,-10.3,1
active_100,-7.93,-7.9,-7.6,-8.5,1
active_1000,-7.77,-7.7,-7.6,-8.1,0
active_1001,-8.05,-8.0,-7.9,-8.2,0
active_1002,-8.11,-8.1,-7.9,-8.5,0
active_1003,-7.65,-7.6,-7.5,-8.0,0
active_1004,-7.19,-7.2,-7.1,-7.4,0
active_1005,-8.0,-7.9,-7.8,-8.5,0
active_1006,-7.38,-7.4,-7.2,-7.6,0
active_1007,-8.44,-8.4,-8.2,-8.8,0
active_1008,-8.08,-8.1,-7.9,-8.3,0
active_1009,-7.21,-7.2,-7.1,-7.4,0
active_101,-7.32,-7.3,-7.1,-7.6,1
active_1010,-7.55,-7.5,-7.3,-7.9,0
active_1011,-7.65,-7.6,-7.5,-8.1,0
active_1012,-7.41,-7.4,-7.3,-7.6,0
active_1013,-7.4,-7.4,-7.2,-7.8,0
active_1014,-7.85,-7.9,-7.7,-8.0,0
active_1015,-7.89,-7.9,-7.7,-8.1,0
active_1016,-8.05,-8.1,-7.9,-8.4,0
active_1017,-7.3,-7.3,-7.1,-7.5,0
active_1018,-7.68,-7.7,-7.4,-7.9,0
active_1019,-7.56,-7.6,-7.4,-7.8,0
active_102,-7.86,-7.85,-7.7,-8.3,1
active_1020,-7.61,-7.6,-7.5,-7.7,0
active_1021,-7.84,-7.8,-7.7,-8.0,0
active_1022,-7.67,-7.65,-7.5,-7.9,0
active_1023,-7.99,-8.0,-7.9,-8.2,0
active_1024,-8.19,-8.2,-8.0,-8.5,0
active_1025,-7.74,-7.7,-7.6,-8.0,0
active_1026,-7.63,-7.6,-7.5,-7.8,0
active_1027,-7.48,-7.5,-7.3,-7.7,0
active_1028,-7.79,-7.8,-7.7,-8.0,0
active_1029,-7.42,-7.4,-7.2,-7.8,0
active_103,-7.71,-7.7,-7.5,-7.9,1
active_1030,-8.22,-8.1,-7.9,-8.8,0
active_1031,-7.71,-7.7,-7.5,-8.2,0
active_1032,-8.07,-8.1,-7.9,-8.3,0
active_1033,-7.61,-7.6,-7.4,-8.3,0
active_1034,-7.64,-7.6,-7.5,-7.9,0
active_1035,-8.12,-8.1,-7.9,-8.5,0
active_1036,-8.16,-8.1,-7.9,-8.4,0
active_1037,-7.57,-7.6,-7.4,-7.8,0
active_1038,-6.93,-6.9,-6.8,-7.2,0
active_1039,-7.74,-7.7,-7.6,-7.9,0
active_104,-7.36,-7.35,-7.2,-7.5,1
active_1040,-6.83,-6.8,-6.7,-7.3,0
active_1041,-7.18,-7.1,-7.0,-7.6,0
active_1042,-6.75,-6.7,-6.6,-6.9,0
active_1043,-6.9,-6.9,-6.8,-7.1,0
active_1044,-6.9,-6.9,-6.7,-7.1,0
active_1045,-7.03,-7.0,-6.8,-7.3,0
active_1046,-7.63,-7.6,-7.4,-7.9,0
active_1047,-6.94,-6.9,-6.8,-7.1,0
active_1048,-6.88,-6.8,-6.7,-7.1,0
active_1049,-6.72,-6.6,-6.5,-7.1,0
active_105,-7.66,-7.65,-7.5,-7.8,1
active_1050,-6.84,-6.8,-6.7,-7.1,0
active_1051,-7.23,-7.2,-7.0,-7.6,0
active_1052,-6.96,-6.9,-6.8,-7.4,0
active_1053,-6.96,-6.9,-6.8,-7.3,0
active_1054,-7.02,-7.0,-6.9,-7.2,0
active_1055,-8.66,-8.6,-8.4,-9.0,0
active_1056,-8.45,-8.4,-8.2,-8.8,0
active_1057,-7.6,-7.6,-7.4,-7.8,0
active_1058,-7.36,-7.3,-7.1,-7.6,0
active_1059,-7.62,-7.6,-7.5,-7.8,0
active_106,-8.24,-8.2,-8.1,-8.4,1
active_1060,-7.53,-7.5,-7.4,-7.9,0
active_1061,-7.74,-7.7,-7.5,-7.9,0
active_1062,-7.56,-7.6,-7.4,-7.8,0
active_1063,-7.66,-7.65,-7.5,-7.8,0
active_1064,-7.25,-7.2,-7.1,-7.7,0
active_1065,-8.14,-8.1,-8.0,-8.3,0
active_1066,-7.77,-7.8,-7.6,-8.0,0
active_1067,-7.99,-8.0,-7.7,-8.2,0
active_1068,-7.93,-7.9,-7.7,-8.1,0
active_1069,-7.78,-7.8,-7.6,-8.0,0
active_107,-8.16,-8.1,-8.0,-8.4,1
active_1070,-8.55,-8.5,-8.4,-8.8,0
active_1071,-8.21,-8.2,-8.0,-8.6,0
active_1072,-6.81,-6.8,-6.6,-7.1,0
active_1073,-8.49,-8.4,-8.2,-9.3,0
active_1074,-8.08,-8.05,-7.9,-8.3,0
active_1075,-8.45,-8.4,-8.2,-8.8,0
active_1076,-7.67,-7.7,-7.6,-7.8,0
active_1077,-8.07,-8.0,-7.9,-8.5,0
active_1078,-8.28,-8.3,-8.2,-8.4,0
active_1079,-7.73,-7.7,-7.5,-7.9,0
active_108,-7.87,-7.8,-7.6,-8.2,1
active_1080,-8.21,-8.2,-8.1,-8.4,0
active_1081,-7.8,-7.8,-7.7,-8.0,0
active_1082,-8.29,-8.2,-8.1,-8.6,0
active_1083,-7.92,-7.9,-7.8,-8.1,0
active_1084,-8.25,-8.2,-8.1,-8.4,0
active_1085,-7.23,-7.2,-7.0,-7.6,0
active_1086,-7.63,-7.6,-7.4,-7.9,0
active_1087,-7.8,-7.85,-7.5,-8.1,0
active_1088,-7.9,-7.9,-7.8,-8.1,0
active_1089,-7.78,-7.8,-7.6,-8.0,0
active_109,-8.09,-8.1,-8.0,-8.3,1
active_1090,-7.79,-7.8,-7.6,-8.2,0
active_1091,-8.49,-8.45,-8.3,-8.7,0
active_1092,-7.43,-7.4,-7.3,-7.6,0
active_1093,-7.53,-7.5,-7.4,-7.6,0
active_1094,-7.03,-7.0,-6.8,-7.2,0
active_1095,-8.14,-8.1,-7.9,-8.6,0
active_1096,-7.19,-7.2,-7.0,-7.5,0
active_1097,-7.97,-8.0,-7.8,-8.2,0
active_1098,-7.08,-7.0,-6.9,-7.4,0
active_1099,-7.77,-7.7,-7.5,-8.0,0
active_11,-8.37,-8.4,-7.8,-9.0,1
active_110,-7.96,-7.9,-7.8,-8.3,1
active_1100,-6.95,-6.9,-6.7,-7.3,0
active_1101,-7.55,-7.6,-7.3,-7.8,0
active_1102,-7.47,-7.5,-7.3,-7.9,0
active_1103,-7.01,-7.0,-6.8,-7.2,0
active_1104,-7.17,-7.1,-7.0,-7.5,0
active_1105,-7.37,-7.3,-7.0,-7.7,0
active_1106,-7.39,-7.3,-7.2,-7.7,0
active_1107,-7.59,-7.55,-7.4,-7.9,0
active_1108,-7.71,-7.6,-7.5,-8.1,0
active_1109,-6.95,-7.0,-6.6,-7.3,0
active_111,-7.54,-7.5,-7.4,-7.8,1
active_1110,-7.41,-7.4,-7.2,-7.7,0
active_1111,-7.66,-7.7,-7.5,-7.9,0
active_1112,-7.62,-7.6,-7.4,-7.9,0
active_1113,-7.61,-7.6,-7.4,-8.0,0
active_1114,-8.03,-8.0,-7.8,-8.2,0
active_1115,-7.02,-6.9,-6.9,-7.4,0
active_1116,-7.49,-7.5,-7.3,-7.8,0
active_1117,-7.64,-7.6,-7.4,-7.9,0
active_1118,-7.48,-7.5,-7.3,-7.8,0
active_1119,-7.31,-7.3,-7.1,-7.6,0
active_112,-7.71,-7.7,-7.5,-8.0,1
active_1120,-6.88,-6.85,-6.7,-7.1,0
active_1121,-6.97,-6.9,-6.8,-7.5,0
active_1122,-7.62,-7.6,-7.3,-8.0,0
active_1123,-7.17,-7.1,-7.0,-7.5,0
active_1124,-6.73,-6.7,-6.5,-6.9,0
active_1125,-8.02,-8.0,-7.8,-8.3,0
active_1126,-7.64,-7.6,-7.5,-8.0,0
active_1127,-7.59,-7.6,-7.4,-7.8,0
active_1128,-7.7,-7.6,-7.5,-8.2,0
active_1129,-7.54,-7.5,-7.4,-7.8,0
active_113,-7.72,-7.7,-7.6,-8.0,1
active_1130,-8.0,-8.0,-7.8,-8.5,0
active_1131,-7.64,-7.6,-7.5,-8.1,0
active_1132,-7.53,-7.5,-7.4,-7.8,0
active_1133,-7.61,-7.6,-7.3,-7.9,0
active_1134,-8.73,-8.7,-8.5,-9.2,0
active_1135,-9.07,-9.05,-8.7,-9.8,0
active_1136,-8.34,-8.3,-8.1,-8.8,0
active_1137,-7.48,-7.45,-7.3,-7.7,0
active_1138,-8.09,-8.1,-7.9,-8.4,0
active_1139,-7.74,-7.7,-7.5,-8.1,0
active_114,-7.63,-7.6,-7.4,-7.9,1
active_1140,-7.93,-7.9,-7.7,-8.2,0
active_1141,-7.99,-8.0,-7.9,-8.1,0
active_1142,-7.48,-7.5,-7.3,-7.8,0
active_1143,-7.67,-7.65,-7.5,-8.0,0
active_1144,-7.46,-7.4,-7.3,-7.7,0
active_1145,-7.18,-7.1,-7.0,-7.5,0
active_1146,-7.7,-7.7,-7.5,-7.9,0
active_1147,-7.86,-7.8,-7.7,-8.1,0
active_1148,-7.11,-7.1,-6.9,-7.4,0
active_1149,-6.9,-6.8,-6.7,-7.2,0
active_115,-8.43,-8.4,-8.2,-8.7,1
active_1150,-7.15,-7.1,-6.9,-7.4,0
active_1151,-7.72,-7.7,-7.5,-7.9,0
active_1152,-7.51,-7.5,-7.3,-7.7,0
active_1153,-7.72,-7.7,-7.5,-8.1,0
active_1154,-7.18,-7.2,-7.0,-7.6,0
active_1155,-7.48,-7.5,-7.4,-7.6,0
active_1156,-7.38,-7.4,-7.1,-7.6,0
active_1157,-7.29,-7.3,-7.1,-7.4,0
active_1158,-8.01,-8.0,-7.9,-8.2,0
active_1159,-6.88,-6.9,-6.7,-7.2,0
active_116,-8.0,-8.0,-7.9,-8.2,1
active_1160,-7.38,-7.4,-7.2,-7.6,0
active_1161,-7.24,-7.2,-7.1,-7.6,0
active_1162,-7.02,-7.0,-6.9,-7.2,0
active_1163,-7.92,-7.9,-7.8,-8.3,0
active_1164,-7.43,-7.4,-7.3,-7.6,0
active_1165,-7.36,-7.4,-7.2,-7.5,0
active_1166,-7.22,-7.2,-7.1,-7.4,0
active_1167,-6.99,-7.0,-6.7,-7.2,0
active_1168,-7.56,-7.5,-7.4,-7.9,0
active_1169,-6.88,-6.8,-6.7,-7.2,0
active_117,-7.59,-7.5,-7.4,-8.0,1
active_1170,-7.19,-7.2,-7.0,-7.4,0
active_1171,-6.78,-6.8,-6.4,-7.2,0
active_1172,-6.69,-6.7,-6.6,-6.9,0
active_1173,-7.46,-7.4,-7.3,-7.8,0
active_1174,-7.38,-7.35,-7.3,-7.6,0
active_1175,-7.7,-7.7,-7.5,-8.0,0
active_1176,-6.9,-6.9,-6.7,-7.4,0
active_1177,-7.36,-7.35,-7.1,-7.7,0
active_1178,-7.76,-7.7,-7.6,-8.0,0
active_1179,-7.06,-7.0,-6.9,-7.5,0
active_118,-7.66,-7.6,-7.4,-8.2,1
active_1180,-6.35,-6.4,-6.1,-6.5,0
active_1181,-7.36,-7.3,-7.2,-7.7,0
active_1182,-6.9,-6.9,-6.7,-7.2,0
active_1183,-6.89,-6.85,-6.6,-7.2,0
active_1184,-7.08,-7.1,-6.9,-7.3,0
active_1185,-6.8,-6.8,-6.7,-7.0,0
active_1186,-7.72,-7.7,-7.6,-8.0,0
active_1187,-6.59,-6.6,-6.4,-6.8,0
active_1188,-6.93,-6.9,-6.7,-7.1,0
active_1189,-7.21,-7.2,-7.0,-7.4,0
active_119,-8.0,-8.0,-7.8,-8.2,1
active_1190,-7.85,-7.8,-7.7,-8.4,0
active_1191,-6.95,-7.0,-6.8,-7.2,0
active_1192,-6.62,-6.6,-6.4,-7.0,0
active_1193,-7.21,-7.2,-7.0,-7.4,0
active_1194,-7.9,-7.9,-7.7,-8.2,0
active_1195,-7.21,-7.2,-7.0,-7.4,0
active_1196,-7.49,-7.5,-7.3,-7.8,0
active_1197,-8.02,-7.9,-7.8,-8.5,0
active_1198,-7.16,-7.2,-7.0,-7.4,0
active_1199,-6.94,-6.9,-6.8,-7.1,0
active_12,-8.94,-8.8,-8.5,-9.6,1
active_120,-7.69,-7.7,-7.5,-7.9,1
active_1200,-6.83,-6.8,-6.7,-7.0,0
active_1201,-7.12,-7.1,-6.9,-7.5,0
active_1202,-7.27,-7.2,-7.1,-7.8,0
active_1203,-7.84,-7.8,-7.7,-8.0,0
active_1204,-7.82,-7.8,-7.6,-8.0,0
active_1205,-7.07,-7.1,-6.9,-7.2,0
active_1206,-7.13,-7.1,-6.8,-7.5,0
active_1207,-7.37,-7.3,-7.2,-7.7,0
active_1208,-7.41,-7.4,-7.2,-7.6,0
active_1209,-6.96,-6.9,-6.8,-7.4,0
active_121,-7.53,-7.5,-7.3,-7.9,1
active_1210,-7.28,-7.3,-7.1,-7.5,0
active_1211,-7.35,-7.3,-7.2,-7.6,0
active_1212,-6.72,-6.7,-6.5,-7.0,0
active_1213,-7.12,-7.1,-6.9,-7.4,0
active_1214,-6.57,-6.6,-6.3,-6.8,0
active_1215,-6.88,-6.9,-6.7,-7.1,0
active_1216,-6.75,-6.7,-6.5,-7.1,0
active_1217,-8.0,-7.95,-7.8,-8.2,0
active_1218,-7.21,-7.2,-7.0,-7.5,0
active_1219,-7.83,-7.8,-7.6,-8.5,0
active_122,-7.2,-7.15,-7.0,-7.5,1
active_1220,-7.54,-7.55,-7.3,-7.8,0
active_1221,-6.91,-6.9,-6.8,-7.2,0
active_1222,-6.98,-7.0,-6.8,-7.3,0
active_1223,-7.52,-7.5,-7.2,-8.2,0
active_1224,-7.24,-7.2,-7.1,-7.4,0
active_1225,-7.51,-7.5,-7.3,-7.9,0
active_1226,-7.81,-7.8,-7.6,-8.1,0
active_1227,-7.77,-7.7,-7.6,-8.0,0
active_1228,-6.98,-6.95,-6.8,-7.2,0
active_1229,-7.78,-7.8,-7.6,-8.0,0
active_123,-7.45,-7.4,-7.2,-7.7,1
active_1230,-7.8,-7.75,-7.5,-8.0,0
active_1231,-7.28,-7.3,-7.2,-7.5,0
active_1232,-7.4,-7.4,-7.3,-7.5,0
active_1233,-7.42,-7.4,-7.3,-7.6,0
active_1234,-7.72,-7.6,-7.5,-8.3,0
active_1235,-7.75,-7.8,-7.5,-8.0,0
active_1236,-7.94,-7.95,-7.7,-8.3,0
active_1237,-7.81,-7.8,-7.6,-8.0,0
active_1238,-7.71,-7.7,-7.5,-8.0,0
active_1239,-7.57,-7.5,-7.5,-7.8,0
active_124,-8.0,-8.0,-7.9,-8.5,1
active_1240,-7.65,-7.6,-7.5,-8.0,0
active_1241,-7.03,-7.0,-6.9,-7.3,0
active_1242,-7.33,-7.3,-7.1,-7.7,0
active_1243,-7.83,-7.8,-7.5,-8.3,0
active_1244,-8.21,-8.15,-7.9,-8.6,0
active_1245,-7.32,-7.3,-7.2,-7.7,0
active_1246,-7.06,-7.1,-6.8,-7.4,0
active_1247,-8.12,-8.1,-7.9,-8.4,0
active_1248,-7.92,-7.9,-7.8,-8.1,0
active_1249,-7.54,-7.5,-7.3,-7.9,0
active_125,-7.57,-7.5,-7.5,-7.9,1
active_1250,-7.77,-7.7,-7.6,-8.2,0
active_1251,-7.65,-7.6,-7.4,-8.0,0
active_1252,-7.51,-7.5,-7.2,-8.0,0
active_1253,-7.75,-7.7,-7.6,-8.1,0
active_1254,-7.76,-7.7,-7.6,-8.0,0
active_1255,-7.91,-7.9,-7.7,-8.3,0
active_1256,-7.84,-7.8,-7.6,-8.4,0
active_1257,-7.3,-7.3,-7.0,-7.7,0
active_1258,-7.26,-7.2,-7.1,-7.8,0
active_1259,-7.71,-7.7,-7.5,-8.0,0
active_126,-7.75,-7.7,-7.6,-8.0,1
active_1260,-8.13,-8.1,-7.9,-8.5,0
active_1261,-7.45,-7.4,-7.3,-7.9,0
active_1262,-7.81,-7.8,-7.6,-8.0,0
active_1263,-7.03,-7.1,-6.9,-7.1,0
active_1264,-7.39,-7.35,-7.2,-7.9,0
active_1265,-7.71,-7.65,-7.5,-8.0,0
active_1266,-7.69,-7.65,-7.5,-8.0,0
active_1267,-7.48,-7.5,-7.3,-7.7,0
active_1268,-8.07,-8.05,-7.9,-8.4,0
active_1269,-7.67,-7.6,-7.4,-8.0,0
active_127,-7.76,-7.75,-7.6,-8.1,1
active_1270,-7.79,-7.75,-7.6,-8.0,0
active_1271,-7.28,-7.3,-7.1,-7.5,0
active_1272,-7.29,-7.3,-7.1,-7.5,0
active_1273,-8.05,-8.0,-7.9,-8.4,0
active_1274,-7.47,-7.5,-7.3,-7.6,0
active_1275,-7.42,-7.4,-7.3,-7.6,0
active_1276,-7.44,-7.4,-7.3,-7.6,0
active_1277,-7.05,-7.0,-6.9,-7.3,0
active_1278,-9.42,-9.4,-9.2,-9.6,0
active_1279,-7.94,-7.9,-7.8,-8.1,0
active_128,-7.76,-7.7,-7.6,-8.2,1
active_1280,-7.9,-7.85,-7.7,-8.2,0
active_1281,-7.32,-7.3,-7.1,-7.7,0
active_1282,-8.03,-8.0,-7.9,-8.2,0
active_1283,-7.35,-7.3,-7.2,-7.5,0
active_1284,-7.01,-7.0,-6.8,-7.3,0
active_1285,-8.31,-8.3,-8.2,-8.6,0
active_1286,-7.42,-7.4,-7.3,-7.6,0
active_1287,-7.81,-7.8,-7.7,-8.0,0
active_1288,-6.7,-6.7,-6.5,-7.0,0
active_1289,-8.45,-8.5,-8.2,-8.7,0
active_129,-7.54,-7.5,-7.4,-7.8,1
active_1290,-7.22,-7.25,-6.9,-7.5,0
active_1291,-7.81,-7.8,-7.7,-8.0,0
active_1292,-7.92,-7.9,-7.8,-8.1,0
active_1293,-8.09,-8.1,-7.9,-8.3,0
active_1294,-7.07,-7.0,-6.9,-7.4,0
active_1295,-7.16,-7.1,-6.8,-7.6,0
active_1296,-8.12,-8.0,-8.0,-8.4,0
active_1297,-7.53,-7.5,-7.3,-7.7,0
active_1298,-7.71,-7.7,-7.5,-8.0,0
active_1299,-8.45,-8.4,-8.2,-9.1,0
active_13,-9.46,-9.4,-9.2,-10.0,1
active_130,-7.89,-7.9,-7.6,-8.2,1
active_1300,-7.8,-7.8,-7.6,-8.0,0
active_1301,-7.42,-7.4,-7.1,-7.7,0
active_1302,-8.0,-8.0,-7.8,-8.2,0
active_1303,-7.69,-7.7,-7.5,-7.9,0
active_1304,-7.74,-7.7,-7.6,-7.9,0
active_1305,-7.42,-7.4,-7.2,-7.8,0
active_1306,-7.91,-7.9,-7.6,-8.1,0
active_1307,-8.03,-8.0,-7.9,-8.2,0
active_1308,-8.11,-8.2,-7.8,-8.4,0
active_1309,-7.58,-7.6,-7.4,-7.8,0
active_131,-7.86,-7.85,-7.7,-8.1,1
active_1310,-7.67,-7.7,-7.5,-8.0,0
active_1311,-8.19,-8.2,-8.0,-8.4,0
active_1312,-8.23,-8.2,-8.0,-8.5,0
active_1313,-6.83,-6.8,-6.6,-7.0,0
active_1314,-7.48,-7.5,-7.3,-7.9,0
active_1315,-8.35,-8.3,-8.1,-8.7,0
active_1316,-7.69,-7.7,-7.5,-8.0,0
active_1317,-8.46,-8.4,-8.3,-8.8,0
active_1318,-8.3,-8.3,-8.1,-8.5,0
active_1319,-7.41,-7.4,-7.2,-7.8,0
active_132,-7.35,-7.3,-7.2,-7.7,1
active_1320,-7.39,-7.3,-7.2,-7.7,0
active_1321,-7.79,-7.8,-7.6,-7.9,0
active_1322,-8.56,-8.5,-8.4,-8.9,0
active_1323,-8.12,-8.0,-7.9,-8.6,0
active_1324,-8.43,-8.4,-8.3,-8.5,0
active_1325,-6.96,-6.9,-6.8,-7.2,0
active_1326,-8.04,-8.0,-7.9,-8.3,0
active_1327,-7.33,-7.3,-7.1,-7.6,0
active_1328,-7.75,-7.7,-7.5,-8.0,0
active_1329,-7.78,-7.75,-7.6,-8.1,0
active_133,-7.91,-7.9,-7.7,-8.4,1
active_1330,-7.88,-7.85,-7.7,-8.2,0
active_1331,-8.15,-8.15,-7.9,-8.5,0
active_1332,-8.56,-8.5,-8.3,-9.0,0
active_1333,-8.03,-8.0,-7.8,-8.3,0
active_1334,-7.84,-7.8,-7.6,-8.0,0
active_1335,-7.84,-7.8,-7.7,-8.1,0
active_1336,-7.98,-7.95,-7.8,-8.4,0
active_1337,-8.07,-8.1,-7.8,-8.5,0
active_1338,-7.85,-7.8,-7.6,-8.3,0
active_1339,-8.54,-8.55,-8.3,-8.8,0
active_134,-7.2,-7.2,-7.0,-7.4,1
active_1340,-8.41,-8.4,-8.2,-8.7,0
active_1341,-7.28,-7.25,-7.1,-7.6,0
active_1342,-7.59,-7.6,-7.4,-7.9,0
active_1343,-7.19,-7.2,-7.0,-7.5,0
active_1344,-7.19,-7.2,-7.0,-7.4,0
active_1345,-7.75,-7.75,-7.4,-8.0,0
active_1346,-7.7,-7.7,-7.5,-7.9,0
active_1347,-7.19,-7.2,-7.0,-7.4,0
active_1348,-7.81,-7.8,-7.6,-8.2,0
active_1349,-7.33,-7.3,-7.1,-7.8,0
active_135,-7.84,-7.8,-7.6,-8.3,1
active_1350,-8.53,-8.5,-8.3,-8.8,0
active_1351,-7.2,-7.2,-7.0,-7.5,0
active_1352,-8.37,-8.4,-8.2,-8.6,0
active_1353,-7.97,-8.0,-7.8,-8.2,0
active_1354,-7.1,-7.0,-6.9,-7.3,0
active_1355,-7.06,-7.1,-6.9,-7.3,0
active_1356,-8.26,-8.3,-8.1,-8.4,0
active_1357,-7.51,-7.5,-7.4,-8.0,0
active_1358,-7.94,-7.9,-7.8,-8.2,0
active_1359,-7.24,-7.2,-7.0,-7.7,0
active_136,-7.52,-7.5,-7.3,-7.8,1
active_1360,-7.86,-7.9,-7.6,-8.2,0
active_1361,-7.52,-7.5,-7.4,-7.7,0
active_1362,-7.13,-7.1,-7.0,-7.3,0
active_1363,-7.64,-7.6,-7.4,-7.9,0
active_1364,-7.54,-7.5,-7.4,-7.8,0
active_1365,-8.16,-8.2,-8.0,-8.3,0
active_1366,-7.75,-7.7,-7.5,-8.1,0
active_1367,-7.31,-7.3,-7.1,-7.6,0
active_1368,-7.91,-7.9,-7.7,-8.3,0
active_1369,-7.79,-7.8,-7.7,-8.0,0
active_137,-8.02,-8.0,-7.8,-8.3,1
active_1370,-7.81,-7.8,-7.6,-8.1,0
active_1371,-8.21,-8.2,-8.1,-8.5,0
active_1372,-7.38,-7.35,-7.1,-7.7,0
active_1373,-8.72,-8.7,-8.5,-8.9,0
active_1374,-8.55,-8.5,-8.3,-9.2,0
active_1375,-7.44,-7.4,-7.2,-7.9,0
active_1376,-7.45,-7.4,-7.2,-7.8,0
active_1377,-8.21,-8.1,-7.9,-8.7,0
active_1378,-8.58,-8.6,-8.4,-8.9,0
active_1379,-8.98,-9.0,-8.7,-9.2,0
active_138,-7.48,-7.4,-7.3,-7.8,1
active_1380,-8.09,-8.0,-7.9,-8.5,0
active_1381,-8.25,-8.2,-8.0,-8.5,0
active_1382,-8.52,-8.5,-8.2,-8.9,0
active_1383,-8.45,-8.4,-8.2,-8.8,0
active_1384,-8.34,-8.3,-8.2,-8.7,0
active_1385,-7.52,-7.5,-7.3,-7.8,0
active_1386,-7.94,-8.0,-7.7,-8.2,0
active_1387,-7.84,-7.8,-7.7,-8.1,0
active_1388,-8.12,-8.1,-7.9,-8.7,0
active_1389,-8.86,-8.85,-8.7,-9.2,0
active_139,-7.26,-7.25,-7.1,-7.5,1
active_1390,-8.36,-8.3,-8.2,-8.7,0
active_1391,-7.69,-7.6,-7.5,-8.1,0
active_1392,-8.88,-8.8,-8.7,-9.4,0
active_1393,-8.35,-8.3,-8.2,-8.6,0
active_1394,-8.24,-8.1,-7.9,-8.7,0
active_1395,-7.78,-7.8,-7.6,-8.1,0
active_1396,-7.16,-7.2,-7.0,-7.3,0
active_1397,-8.27,-8.3,-8.1,-8.5,0
active_1398,-7.96,-7.9,-7.8,-8.2,0
active_1399,-8.64,-8.6,-8.5,-8.9,0
active_14,-9.35,-9.4,-9.0,-9.6,1
active_140,-7.62,-7.7,-7.4,-7.9,1
active_1400,-8.73,-8.7,-8.5,-8.9,0
active_1401,-8.26,-8.3,-8.1,-8.4,0
active_1402,-8.01,-8.0,-7.9,-8.3,0
active_1403,-7.78,-7.8,-7.5,-8.2,0
active_1404,-8.39,-8.4,-8.2,-8.6,0
active_1405,-7.93,-7.9,-7.7,-8.3,0
active_1406,-8.67,-8.6,-8.4,-9.0,0
active_1407,-8.77,-8.8,-8.6,-9.0,0
active_1408,-8.3,-8.2,-8.1,-8.8,0
active_1409,-8.05,-8.0,-7.9,-8.3,0
active_141,-7.75,-7.8,-7.6,-7.9,1
active_1410,-7.43,-7.4,-7.2,-8.0,0
active_1411,-7.15,-7.2,-7.0,-7.3,0
active_1412,-8.06,-8.1,-7.9,-8.3,0
active_1413,-8.87,-8.9,-8.7,-9.2,0
active_1414,-7.91,-7.9,-7.7,-8.2,0
active_1415,-8.35,-8.35,-8.1,-8.6,0
active_1416,-8.28,-8.3,-8.1,-8.6,0
active_1417,-7.15,-7.1,-6.9,-7.4,0
active_1418,-7.9,-7.9,-7.7,-8.1,0
active_1419,-7.97,-7.9,-7.9,-8.3,0
active_142,-6.46,-6.4,-6.2,-6.9,1
active_1420,-7.4,-7.35,-7.2,-7.9,0
active_1421,-7.17,-7.1,-7.0,-7.5,0
active_1422,-7.19,-7.2,-7.0,-7.4,0
active_1423,-7.26,-7.3,-7.0,-7.6,0
active_1424,-7.68,-7.7,-7.5,-8.1,0
active_1425,-7.64,-7.6,-7.4,-8.0,0
active_1426,-7.85,-7.9,-7.5,-8.2,0
active_1427,-7.82,-7.8,-7.7,-8.0,0
active_1428,-7.17,-7.2,-7.0,-7.4,0
active_1429,-6.92,-6.9,-6.7,-7.2,0
active_143,-7.71,-7.7,-7.5,-8.0,1
active_1430,-7.4,-7.4,-7.2,-7.6,0
active_1431,-7.4,-7.4,-7.3,-7.5,0
active_1432,-7.76,-7.8,-7.6,-8.0,0
active_1433,-7.08,-7.05,-6.9,-7.4,0
active_1434,-7.29,-7.3,-7.1,-7.6,0
active_1435,-7.8,-7.7,-7.6,-8.2,0
active_1436,-7.66,-7.7,-7.5,-7.9,0
active_1437,-7.57,-7.5,-7.3,-7.9,0
active_1438,-7.59,-7.6,-7.4,-7.8,0
active_1439,-7.88,-7.9,-7.8,-8.1,0
active_144,-7.59,-7.6,-7.4,-7.8,1
active_1440,-7.98,-7.95,-7.8,-8.4,0
active_1441,-8.33,-8.3,-8.1,-8.6,0
active_1442,-7.51,-7.5,-7.3,-7.7,0
active_1443,-7.02,-7.0,-6.8,-7.4,0
active_1444,-7.49,-7.4,-7.2,-8.0,0
active_1445,-7.6,-7.6,-7.4,-7.9,0
active_1446,-8.48,-8.5,-8.3,-8.8,0
active_1447,-7.56,-7.6,-7.3,-8.0,0
active_1448,-7.54,-7.5,-7.3,-7.9,0
active_1449,-7.52,-7.5,-7.3,-7.9,0
active_145,-7.76,-7.8,-7.5,-7.9,1
active_1450,-8.29,-8.3,-8.1,-8.6,0
active_1451,-7.53,-7.5,-7.3,-7.9,0
active_1452,-7.55,-7.55,-7.3,-7.9,0
active_1453,-8.05,-8.1,-7.9,-8.2,0
active_1454,-8.16,-8.2,-7.8,-8.5,0
active_1455,-7.46,-7.4,-7.2,-8.1,0
active_1456,-6.97,-6.9,-6.7,-7.4,0
active_1457,-7.0,-7.0,-6.8,-7.4,0
active_1458,-7.66,-7.65,-7.5,-7.9,0
active_1459,-7.19,-7.2,-7.1,-7.5,0
active_146,-7.793730445246691,-7.7663357400722015,-7.567809867629363,-8.142418772563175,1
active_1460,-7.08,-7.0,-6.9,-7.6,0
active_1461,-7.99,-8.0,-7.7,-8.2,0
active_1462,-6.98,-6.9,-6.7,-7.4,0
active_1463,-7.12,-7.1,-6.9,-7.5,0
active_1464,-6.75,-6.7,-6.6,-7.0,0
active_1465,-6.65,-6.6,-6.5,-6.9,0
active_1466,-7.05,-7.0,-6.9,-7.3,0
active_1467,-7.42,-7.4,-7.3,-7.6,0
active_1468,-7.11,-7.1,-6.9,-7.5,0
active_1469,-6.9,-6.9,-6.7,-7.2,0
active_147,-8.14,-8.1,-7.9,-8.5,1
active_1470,-7.45,-7.4,-7.3,-7.9,0
active_1471,-6.88,-6.85,-6.7,-7.3,0
active_1472,-7.86,-7.9,-7.7,-8.0,0
active_1473,-7.01,-7.0,-6.8,-7.3,0
active_1474,-7.32,-7.3,-7.2,-7.5,0
active_1475,-7.2,-7.2,-7.1,-7.3,0
active_1476,-7.38,-7.3,-7.2,-7.6,0
active_1477,-6.86,-6.85,-6.7,-7.2,0
active_1478,-7.89,-7.8,-7.7,-8.2,0
active_1479,-7.47,-7.5,-7.2,-7.7,0
active_148,-7.57,-7.5,-7.4,-8.1,1
active_1480,-7.62,-7.6,-7.4,-7.9,0
active_1481,-7.5,-7.5,-7.3,-8.0,0
active_1482,-7.88,-7.8,-7.6,-8.7,0
active_1483,-7.39,-7.35,-7.2,-7.7,0
active_1484,-7.04,-7.0,-6.9,-7.3,0
active_1485,-7.24,-7.25,-7.0,-7.4,0
active_1486,-7.4,-7.4,-7.3,-7.6,0
active_1487,-7.53,-7.5,-7.4,-7.7,0
active_1488,-7.13,-7.1,-7.0,-7.4,0
active_1489,-7.41,-7.4,-7.2,-7.6,0
active_149,-7.94,-7.9,-7.7,-8.3,1
active_1490,-6.93,-6.9,-6.7,-7.2,0
active_1491,-7.12,-7.1,-6.9,-7.4,0
active_1492,-7.02,-7.0,-6.8,-7.5,0
active_1493,-8.6,-8.5,-8.0,-9.4,0
active_1494,-8.58,-8.5,-8.3,-9.1,0
active_1495,-8.88,-8.7,-8.4,-9.7,0
active_1496,-8.88,-8.9,-8.6,-9.1,0
active_1497,-9.02,-9.05,-8.7,-9.4,0
active_1498,-8.8,-8.75,-8.5,-9.2,0
active_1499,-8.54,-8.55,-8.3,-8.8,0
active_15,-9.53,-9.6,-9.1,-10.2,1
active_150,-6.86,-6.85,-6.7,-7.1,1
active_1500,-8.53,-8.5,-8.2,-9.1,0
active_1501,-8.86,-9.0,-8.4,-9.1,0
active_1502,-10.68,-10.7,-10.3,-11.1,0
active_1503,-10.02,-10.0,-9.8,-10.2,0
active_1504,-10.73,-10.8,-10.4,-11.0,0
active_1505,-7.84,-7.85,-7.6,-8.2,0
active_1506,-8.51,-8.4,-8.3,-9.0,0
active_1507,-7.76,-7.75,-7.6,-8.0,0
active_1508,-8.55,-8.5,-8.3,-8.8,0
active_1509,-7.89,-7.8,-7.4,-8.4,0
active_151,-7.98,-7.9,-7.8,-8.2,1
active_1510,-8.07,-8.0,-7.9,-8.4,0
active_1511,-7.51,-7.45,-7.3,-7.9,0
active_1512,-8.29,-8.25,-8.1,-8.6,0
active_1513,-8.09,-8.1,-7.7,-8.5,0
active_1514,-8.22,-8.2,-8.0,-8.8,0
active_1515,-8.32,-8.3,-8.1,-8.8,0
active_1516,-8.0,-7.95,-7.6,-8.8,0
active_1517,-8.57,-8.4,-8.0,-9.4,0
active_1518,-7.1,-7.1,-6.9,-7.4,0
active_1519,-7.75,-7.8,-7.5,-8.2,0
active_152,-7.68,-7.6,-7.4,-8.1,1
active_1520,-7.41,-7.5,-7.1,-7.8,0
active_1521,-6.98,-6.95,-6.7,-7.5,0
active_1522,-7.62,-7.6,-7.4,-8.1,0
active_1523,-7.13,-7.1,-6.9,-7.5,0
active_1524,-7.03,-6.9,-6.8,-7.7,0
active_1525,-7.54,-7.5,-7.4,-7.9,0
active_1526,-7.12,-7.05,-6.9,-7.7,0
active_1527,-7.8,-7.7,-7.5,-8.3,0
active_1528,-7.24,-7.2,-7.0,-7.8,0
active_1529,-7.69,-7.7,-7.4,-7.9,0
active_153,-7.52,-7.5,-7.3,-7.9,1
active_1530,-6.14,-6.1,-6.0,-6.5,0
active_1531,-7.18,-7.1,-7.0,-7.7,0
active_1532,-7.43,-7.4,-7.1,-7.9,0
active_1533,-7.98,-8.0,-7.7,-8.4,0
active_1534,-7.74,-7.7,-7.6,-8.0,0
active_1535,-7.06,-7.05,-6.8,-7.4,0
active_1536,-7.03,-7.05,-6.8,-7.5,0
active_1537,-7.54,-7.5,-7.4,-7.7,0
active_1538,-7.7,-7.65,-7.5,-8.1,0
active_1539,-6.78,-6.7,-6.5,-7.6,0
active_154,-7.91,-7.9,-7.7,-8.1,1
active_1540,-7.72,-7.7,-7.4,-8.2,0
active_1541,-7.35,-7.3,-7.1,-7.6,0
active_1542,-7.74,-7.7,-7.6,-8.1,0
active_1543,-7.56,-7.7,-7.2,-7.9,0
active_1544,-7.61,-7.6,-7.4,-8.0,0
active_1545,-7.89,-7.85,-7.6,-8.2,0
active_1546,-7.57,-7.6,-7.3,-7.9,0
active_1547,-7.59,-7.6,-7.4,-8.0,0
active_1548,-7.12,-7.1,-6.9,-7.4,0
active_1549,-7.49,-7.5,-7.3,-7.7,0
active_155,-7.5,-7.5,-7.3,-7.8,1
active_1550,-7.39,-7.4,-7.2,-7.8,0
active_1551,-7.78,-7.7,-7.5,-8.3,0
active_1552,-6.74,-6.7,-6.6,-7.2,0
active_1553,-7.59,-7.6,-7.4,-7.9,0
active_1554,-7.26,-7.2,-7.1,-7.7,0
active_1555,-7.75,-7.7,-7.6,-8.2,0
active_1556,-7.49,-7.4,-7.2,-7.9,0
active_1557,-7.26,-7.2,-7.0,-7.8,0
active_1558,-7.14,-7.15,-6.9,-7.5,0
active_1559,-6.93,-6.9,-6.7,-7.3,0
active_156,-7.53,-7.5,-7.3,-7.9,1
active_1560,-7.0,-7.0,-6.8,-7.2,0
active_1561,-7.78,-7.8,-7.5,-8.3,0
active_1562,-7.38,-7.35,-7.2,-7.6,0
active_1563,-7.41,-7.4,-7.2,-7.6,0
active_1564,-6.29,-6.2,-6.1,-6.8,0
active_1565,-7.18,-7.2,-7.0,-7.4,0
active_1566,-7.28,-7.3,-6.9,-7.7,0
active_1567,-6.94,-6.9,-6.7,-7.2,0
active_1568,-6.64,-6.6,-6.5,-7.0,0
active_1569,-7.1,-7.0,-7.0,-7.6,0
active_157,-7.88,-7.8,-7.7,-8.5,1
active_1570,-7.0,-7.0,-6.8,-7.3,0
active_1571,-6.96,-6.95,-6.7,-7.5,0
active_1572,-7.14,-7.1,-6.8,-7.7,0
active_1573,-6.26,-6.2,-6.1,-6.5,0
active_1574,-7.02,-7.0,-6.8,-7.6,0
active_1575,-7.26,-7.2,-7.0,-7.6,0
active_1576,-7.22,-7.2,-6.9,-7.6,0
active_1577,-7.05,-7.05,-6.9,-7.4,0
active_1578,-6.92,-6.9,-6.8,-7.2,0
active_1579,-6.0,-5.9,-5.7,-6.5,0
active_158,-7.53,-7.5,-7.4,-7.9,1
active_1580,-7.28,-7.3,-7.0,-7.6,0
active_1581,-7.16,-7.1,-6.9,-7.6,0
active_1582,-7.6,-7.5,-7.3,-8.0,0
active_1583,-6.74,-6.7,-6.6,-7.3,0
active_1584,-7.58,-7.5,-7.4,-8.0,0
active_1585,-7.64,-7.6,-7.4,-8.0,0
active_1586,-7.18,-7.15,-6.9,-7.7,0
active_1587,-7.03,-7.0,-6.8,-7.4,0
active_1588,-6.97,-6.9,-6.8,-7.4,0
active_1589,-7.51,-7.5,-7.2,-7.8,0
active_159,-7.66,-7.7,-7.5,-8.0,1
active_1590,-7.32,-7.3,-7.1,-7.6,0
active_1591,-7.54,-7.5,-7.3,-7.9,0
active_1592,-6.76,-6.8,-6.5,-7.1,0
active_1593,-7.44,-7.4,-7.1,-8.0,0
active_1594,-6.86,-6.85,-6.6,-7.0,0
active_1595,-8.51,-8.4,-8.2,-9.1,0
active_1596,-9.47,-9.4,-8.9,-10.5,0
active_1597,-7.72,-7.6,-7.4,-8.9,0
active_1598,-8.56,-8.5,-8.4,-8.9,0
active_1599,-6.94,-6.8,-6.6,-7.5,0
active_16,-8.47,-8.4,-8.1,-8.8,1
active_160,-7.67,-7.65,-7.5,-8.0,1
active_1600,-8.65,-8.6,-8.5,-9.1,0
active_1601,-7.65,-7.5,-6.9,-8.4,0
active_1602,-8.79,-8.8,-8.6,-9.0,0
active_1603,-8.01,-8.0,-7.7,-8.2,0
active_1604,-9.4,-9.4,-9.3,-9.7,0
active_1605,-8.18,-8.2,-8.0,-8.6,0
active_1606,-8.68,-8.6,-8.4,-9.0,0
active_1607,-7.78,-7.7,-7.5,-8.1,0
active_1608,-8.14,-8.1,-8.0,-8.3,0
active_1609,-8.86,-8.9,-8.6,-9.0,0
active_161,-7.59,-7.6,-7.5,-7.8,1
active_1610,-8.47,-8.4,-8.3,-8.7,0
active_1611,-8.59,-8.6,-8.3,-8.8,0
active_1612,-8.22,-8.15,-8.0,-8.6,0
active_1613,-8.71,-8.7,-8.5,-9.1,0
active_1614,-8.58,-8.6,-8.3,-8.9,0
active_1615,-8.03,-8.0,-7.9,-8.2,0
active_1616,-9.29,-9.3,-9.0,-9.5,0
active_1617,-9.37,-9.35,-9.2,-9.6,0
active_1618,-9.12,-9.1,-9.0,-9.3,0
active_1619,-8.54,-8.5,-8.3,-8.9,0
active_162,-7.43,-7.4,-7.2,-7.7,1
active_1620,-8.95,-8.9,-8.6,-9.5,0
active_1621,-8.26,-8.2,-8.0,-8.6,0
active_1622,-8.56,-8.6,-8.4,-8.8,0
active_1623,-8.55,-8.55,-8.3,-8.8,0
active_1624,-8.49,-8.4,-8.2,-8.9,0
active_1625,-9.16,-9.1,-8.9,-9.5,0
active_1626,-9.07,-9.0,-8.7,-9.6,0
active_1627,-7.07,-6.9,-6.6,-7.9,0
active_1628,-8.87,-8.7,-8.5,-9.5,0
active_1629,-7.12,-7.1,-6.9,-7.7,0
active_163,-7.5,-7.4,-7.3,-7.9,1
active_1630,-8.07,-8.0,-7.9,-8.4,0
active_1631,-7.82,-7.7,-7.6,-8.3,0
active_1632,-7.91,-7.9,-7.7,-8.2,0
active_1633,-8.22,-8.2,-7.9,-8.8,0
active_1634,-7.82,-7.8,-7.6,-8.1,0
active_1635,-7.63,-7.6,-7.5,-8.0,0
active_1636,-7.95,-7.9,-7.7,-8.4,0
active_1637,-8.07,-8.1,-7.7,-8.3,0
active_1638,-7.73,-7.7,-7.5,-8.2,0
active_1639,-8.44,-8.4,-8.2,-9.2,0
active_164,-8.18,-8.2,-8.0,-8.4,1
active_1640,-7.89,-7.8,-7.6,-8.2,0
active_1641,-7.51,-7.5,-7.2,-8.0,0
active_1642,-7.92,-7.9,-7.6,-8.2,0
active_1643,-7.92,-7.9,-7.6,-8.3,0
active_1644,-7.49,-7.5,-7.3,-7.8,0
active_1645,-8.58,-8.6,-8.3,-8.9,0
active_1646,-7.98,-7.9,-7.8,-8.5,0
active_1647,-7.76,-7.7,-7.5,-8.2,0
active_1648,-8.56,-8.5,-8.3,-8.9,0
active_1649,-7.29,-7.2,-7.1,-7.7,0
active_165,-8.16,-8.2,-8.0,-8.4,1
active_1650,-7.72,-7.7,-7.5,-8.2,0
active_1651,-8.31,-8.3,-8.1,-8.6,0
active_1652,-8.38,-8.3,-8.1,-8.9,0
active_1653,-7.16,-7.2,-7.0,-7.5,0
active_1654,-8.01,-8.0,-7.7,-8.5,0
active_1655,-8.55,-8.5,-8.3,-9.3,0
active_1656,-7.45,-7.5,-7.2,-7.7,0
active_1657,-8.69,-8.7,-8.5,-8.8,0
active_1658,-8.56,-8.5,-8.2,-9.1,0
active_1659,-8.13,-8.1,-7.9,-8.5,0
active_166,-7.98,-7.9,-7.8,-8.3,1
active_1660,-7.78,-7.7,-7.5,-8.3,0
active_1661,-8.27,-8.2,-8.0,-8.7,0
active_1662,-8.61,-8.6,-8.3,-9.0,0
active_1663,-7.87,-7.8,-7.6,-8.3,0
active_1664,-7.65,-7.7,-7.4,-8.1,0
active_167,-8.5,-8.4,-8.3,-8.9,1
active_168,-7.11,-7.1,-6.9,-7.4,1
active_169,-6.65,-6.6,-6.5,-6.9,1
active_17,-7.66,-7.7,-7.5,-7.8,1
active_170,-7.01,-7.0,-6.9,-7.3,1
active_171,-7.45,-7.4,-7.3,-7.7,1
active_172,-7.59,-7.5,-7.4,-8.0,1
active_173,-7.41,-7.4,-7.3,-7.7,1
active_174,-7.55,-7.5,-7.3,-8.0,1
active_175,-7.64,-7.6,-7.4,-8.0,1
active_176,-7.05,-7.0,-6.9,-7.4,1
active_177,-7.59,-7.6,-7.4,-8.0,1
active_178,-7.98,-8.0,-7.9,-8.1,1
active_179,-8.41,-8.4,-8.3,-8.6,1
active_18,-8.23,-8.2,-8.0,-8.4,1
active_180,-8.39,-8.4,-8.2,-8.7,1
active_181,-7.88,-7.9,-7.7,-8.1,1
active_182,-7.66,-7.7,-7.5,-7.9,1
active_183,-8.02,-8.0,-7.7,-8.5,1
active_184,-7.26,-7.25,-7.1,-7.5,1
active_185,-7.85,-7.8,-7.6,-8.3,1
active_186,-8.13,-8.1,-7.9,-8.5,1
active_187,-8.02,-8.0,-7.8,-8.4,1
active_188,-7.29,-7.3,-7.1,-7.6,1
active_189,-7.47,-7.4,-7.3,-8.0,1
active_19,-7.92,-7.9,-7.7,-8.2,1
active_190,-8.34,-8.3,-8.1,-8.7,1
active_191,-7.47,-7.4,-7.3,-7.9,1
active_192,-8.19,-8.2,-8.1,-8.3,1
active_193,-7.32,-7.3,-7.1,-7.7,1
active_194,-7.88,-7.9,-7.6,-8.1,1
active_195,-7.89,-7.9,-7.7,-8.2,1
active_196,-7.57,-7.5,-7.4,-7.9,1
active_197,-7.35,-7.3,-7.2,-7.7,1
active_198,-7.84,-7.9,-7.6,-8.1,1
active_199,-7.77,-7.7,-7.5,-8.2,1
active_2,-8.94,-8.8,-8.5,-9.8,1
active_20,-7.02,-7.0,-6.9,-7.2,1
active_200,-7.66,-7.6,-7.4,-8.1,1
active_201,-7.47,-7.5,-7.3,-7.7,1
active_202,-7.73,-7.7,-7.6,-8.0,1
active_203,-7.85,-7.9,-7.7,-8.1,1
active_204,-8.05,-8.0,-7.8,-8.5,1
active_205,-7.84,-7.8,-7.7,-8.1,1
active_206,-7.49,-7.5,-7.2,-7.8,1
active_207,-8.09,-8.05,-7.9,-8.3,1
active_208,-8.13,-8.1,-7.9,-8.4,1
active_209,-7.92,-7.9,-7.7,-8.2,1
active_21,-7.58,-7.6,-7.4,-7.9,1
active_210,-7.08,-7.05,-6.9,-7.4,1
active_211,-7.39,-7.4,-7.1,-7.8,1
active_212,-7.95,-7.9,-7.7,-8.3,1
active_213,-7.99,-8.0,-7.7,-8.2,1
active_214,-7.22,-7.2,-7.0,-7.4,1
active_215,-7.71,-7.65,-7.6,-8.0,1
active_216,-7.96,-7.95,-7.8,-8.2,1
active_217,-7.43,-7.4,-7.2,-7.7,1
active_218,-7.44,-7.45,-7.3,-7.7,1
active_219,-8.63,-8.6,-8.4,-9.0,1
active_22,-7.7,-7.7,-7.5,-8.0,1
active_220,-7.42,-7.4,-7.2,-7.8,1
active_221,-7.81,-7.8,-7.5,-8.1,1
active_222,-7.68,-7.6,-7.5,-8.2,1
active_223,-8.01,-8.0,-7.8,-8.3,1
active_224,-7.21,-7.2,-7.0,-7.4,1
active_225,-7.8,-7.8,-7.5,-8.3,1
active_226,-7.03,-7.0,-6.8,-7.3,1
active_227,-7.63,-7.6,-7.4,-8.0,1
active_228,-7.84,-7.8,-7.7,-8.3,1
active_229,-7.75,-7.8,-7.5,-8.1,1
active_23,-8.04,-8.0,-7.8,-8.6,1
active_230,-7.43,-7.4,-7.2,-7.7,1
active_231,-8.43,-8.4,-8.3,-8.7,1
active_232,-6.91,-6.8,-6.7,-7.3,1
active_233,-7.71,-7.7,-7.5,-8.1,1
active_234,-7.85,-7.8,-7.6,-8.2,1
active_235,-7.24,-7.3,-7.0,-7.5,1
active_236,-7.85,-7.8,-7.6,-8.2,1
active_237,-7.55,-7.5,-7.3,-7.9,1
active_238,-7.21,-7.1,-7.0,-7.6,1
active_239,-7.7,-7.7,-7.4,-8.1,1
active_24,-7.7,-7.7,-7.6,-7.9,1
active_240,-7.36,-7.35,-7.2,-7.6,1
active_241,-7.83,-7.8,-7.5,-8.2,1
active_242,-7.88,-7.9,-7.6,-8.1,1
active_243,-7.89,-7.9,-7.6,-8.2,1
active_244,-7.65,-7.6,-7.3,-8.1,1
active_245,-7.83,-7.8,-7.6,-8.1,1
active_246,-8.39,-8.4,-8.1,-8.8,1
active_247,-7.39,-7.4,-7.2,-7.7,1
active_248,-7.61,-7.5,-7.4,-8.0,1
active_249,-7.86,-7.8,-7.7,-8.1,1
active_25,-7.97,-7.9,-7.8,-8.2,1
active_250,-7.77,-7.8,-7.5,-8.1,1
active_251,-8.43,-8.4,-8.2,-8.6,1
active_252,-7.96,-7.95,-7.7,-8.2,1
active_253,-7.97,-7.9,-7.6,-8.3,1
active_254,-7.77,-7.8,-7.6,-8.1,1
active_255,-7.83,-7.8,-7.6,-8.2,1
active_256,-7.65,-7.6,-7.5,-7.9,1
active_257,-9.29,-9.3,-8.8,-9.9,1
active_258,-7.79,-7.75,-7.6,-8.2,1
active_259,-7.73,-7.7,-7.5,-8.0,1
active_26,-7.62,-7.6,-7.3,-8.1,1
active_260,-7.93,-7.9,-7.8,-8.3,1
active_261,-7.15,-7.1,-6.9,-7.5,1
active_262,-7.66,-7.65,-7.4,-8.0,1
active_263,-7.64,-7.6,-7.5,-7.9,1
active_264,-7.09,-7.1,-6.9,-7.3,1
active_265,-7.05,-7.1,-6.8,-7.3,1
active_266,-7.86,-7.8,-7.6,-8.3,1
active_267,-7.88,-7.85,-7.7,-8.1,1
active_268,-7.68,-7.7,-7.5,-8.0,1
active_269,-7.26,-7.25,-7.1,-7.4,1
active_27,-7.21,-7.2,-7.0,-7.4,1
active_270,-8.14,-8.1,-7.9,-8.3,1
active_271,-7.42,-7.4,-7.2,-8.0,1
active_272,-7.81,-7.8,-7.7,-7.9,1
active_273,-7.44,-7.4,-7.3,-7.6,1
active_274,-7.14,-7.1,-6.9,-7.3,1
active_275,-7.84,-7.9,-7.5,-8.1,1
active_276,-7.33,-7.3,-7.2,-7.5,1
active_277,-7.39,-7.4,-7.2,-7.5,1
active_278,-7.31,-7.3,-7.1,-7.7,1
active_279,-7.49,-7.45,-7.3,-7.9,1
active_28,-8.03,-8.0,-7.8,-8.3,1
active_280,-8.26,-8.25,-8.0,-8.6,1
active_281,-7.67,-7.65,-7.4,-8.0,1
active_282,-7.31,-7.3,-7.1,-7.6,1
active_283,-6.97,-7.0,-6.7,-7.3,1
active_284,-7.12,-7.1,-7.0,-7.3,1
active_285,-8.09,-8.1,-7.8,-8.5,1
active_286,-7.37,-7.4,-7.2,-7.5,1
active_287,-7.33,-7.35,-7.1,-7.6,1
active_288,-7.11,-7.1,-6.9,-7.4,1
active_289,-8.04,-8.0,-7.8,-8.7,1
active_29,-7.66,-7.6,-7.5,-8.0,1
active_290,-6.93,-6.9,-6.7,-7.3,1
active_291,-8.05,-8.05,-7.8,-8.3,1
active_292,-6.69,-6.65,-6.5,-7.0,1
active_293,-7.68,-7.7,-7.5,-7.9,1
active_294,-7.64,-7.6,-7.4,-8.1,1
active_295,-7.93,-7.9,-7.7,-8.2,1
active_296,-7.47,-7.4,-7.3,-7.7,1
active_297,-7.79,-7.8,-7.6,-8.3,1
active_298,-7.74,-7.8,-7.5,-7.9,1
active_299,-7.96,-7.9,-7.8,-8.2,1
active_3,-8.62,-8.6,-8.3,-9.0,1
active_30,-8.03,-8.05,-7.8,-8.3,1
active_300,-7.98,-8.0,-7.8,-8.2,1
active_301,-7.58,-7.6,-7.3,-7.9,1
active_302,-6.74,-6.7,-6.5,-7.1,1
active_303,-7.99,-7.9,-7.8,-8.5,1
active_304,-7.26,-7.2,-7.1,-7.5,1
active_305,-7.61,-7.6,-7.4,-7.8,1
active_306,-6.88,-6.9,-6.7,-7.1,1
active_307,-6.96,-6.9,-6.8,-7.3,1
active_308,-7.32,-7.3,-7.2,-7.6,1
active_309,-8.2,-8.2,-8.0,-8.5,1
active_31,-6.98,-7.0,-6.8,-7.2,1
active_310,-7.69,-7.7,-7.5,-8.0,1
active_311,-7.49,-7.5,-7.3,-7.8,1
active_312,-7.17,-7.15,-7.0,-7.3,1
active_313,-7.52,-7.5,-7.3,-8.0,1
active_314,-7.91,-7.9,-7.8,-8.1,1
active_315,-7.61,-7.55,-7.4,-8.0,1
active_316,-7.48,-7.4,-7.3,-8.0,1
active_317,-7.79,-7.8,-7.6,-8.2,1
active_318,-8.25,-8.2,-8.1,-8.6,1
active_319,-8.01,-8.0,-7.7,-8.3,1
active_32,-6.92,-6.9,-6.7,-7.2,1
active_320,-7.83,-7.9,-7.6,-8.1,1
active_321,-8.16,-8.15,-7.9,-8.4,1
active_322,-7.96,-8.0,-7.7,-8.3,1
active_323,-8.97,-8.85,-8.6,-9.6,1
active_324,-9.18,-9.15,-9.0,-9.4,1
active_325,-8.5,-8.45,-8.0,-9.6,1
active_326,-7.37,-7.3,-6.8,-8.1,1
active_327,-8.13,-8.05,-7.7,-8.7,1
active_328,-8.93,-9.0,-8.2,-9.7,1
active_329,-8.54,-8.5,-8.2,-9.1,1
active_33,-7.94,-7.9,-7.8,-8.2,1
active_330,-8.52,-8.65,-8.0,-9.1,1
active_331,-9.67,-9.5,-9.1,-10.5,1
active_332,-9.48,-9.45,-9.3,-9.7,1
active_333,-7.74,-7.7,-7.6,-8.2,1
active_334,-8.12,-8.0,-7.7,-8.6,1
active_335,-8.96,-8.8,-8.6,-9.7,1
active_336,-8.08,-7.85,-7.6,-9.2,1
active_337,-8.59,-8.6,-8.5,-8.8,1
active_338,-9.2,-9.2,-8.8,-9.7,1
active_339,-7.84,-7.7,-7.5,-8.6,1
active_34,-7.71,-7.7,-7.5,-8.0,1
active_340,-9.02,-8.7,-8.6,-9.6,1
active_341,-7.65,-7.7,-7.4,-7.8,1
active_342,-7.83,-7.8,-7.6,-8.1,1
active_343,-7.94,-7.75,-7.4,-8.9,1
active_344,-8.18,-8.1,-7.9,-8.6,1
active_345,-8.19,-7.9,-7.9,-8.7,1
active_346,-7.43,-7.4,-7.2,-7.9,1
active_347,-8.39,-8.3,-7.9,-9.3,1
active_348,-8.76,-8.9,-8.3,-9.2,1
active_349,-7.71,-7.7,-7.6,-7.8,1
active_35,-7.57,-7.6,-7.4,-7.9,1
active_350,-7.56,-7.6,-7.3,-7.8,1
active_351,-7.72,-7.7,-7.5,-8.4,1
active_352,-8.36,-8.25,-7.8,-9.2,1
active_353,-9.42,-9.4,-9.1,-9.9,1
active_354,-8.15,-8.1,-7.9,-8.5,1
active_355,-7.89,-7.85,-7.4,-8.6,1
active_356,-8.7,-8.55,-8.2,-9.4,1
active_357,-9.11,-9.1,-8.6,-9.8,1
active_358,-8.17,-8.2,-7.9,-8.4,1
active_359,-8.43,-8.1,-7.9,-9.6,1
active_36,-8.23,-8.25,-8.0,-8.5,1
active_360,-8.06,-8.0,-7.7,-8.6,1
active_361,-8.46,-8.4,-8.2,-8.9,1
active_362,-8.38,-8.4,-8.0,-8.7,1
active_363,-8.51,-8.5,-8.3,-9.0,1
active_364,-8.03,-8.05,-7.8,-8.2,1
active_365,-8.45,-8.4,-8.1,-8.9,1
active_366,-8.33,-8.25,-8.0,-9.0,1
active_367,-8.64,-8.7,-8.4,-8.8,1
active_368,-7.7,-7.7,-7.5,-8.0,1
active_369,-7.94,-7.9,-7.1,-8.6,1
active_37,-8.13,-8.1,-8.0,-8.5,1
active_370,-8.47,-8.4,-8.1,-8.8,1
active_371,-8.17,-8.15,-7.9,-8.4,1
active_372,-8.79,-8.7,-8.4,-9.2,1
active_373,-8.61,-8.6,-8.3,-9.0,1
active_374,-7.85,-7.85,-7.6,-8.2,1
active_375,-7.14,-7.1,-6.9,-7.5,1
active_376,-7.98,-7.95,-7.8,-8.3,1
active_377,-7.67,-7.5,-7.4,-8.1,1
active_378,-7.02,-7.0,-6.7,-7.5,1
active_379,-8.07,-8.1,-7.9,-8.4,1
active_38,-7.39,-7.3,-7.2,-7.8,1
active_380,-8.39,-8.4,-8.0,-8.8,1
active_381,-8.7,-8.7,-8.2,-9.3,1
active_382,-8.04,-8.0,-7.8,-8.4,1
active_383,-7.29,-7.2,-7.0,-7.8,1
active_384,-7.95,-7.95,-7.7,-8.3,1
active_385,-9.1,-8.9,-8.6,-10.2,1
active_386,-8.55,-8.5,-8.1,-9.0,1
active_387,-8.99,-8.95,-8.7,-9.5,1
active_388,-8.85,-8.75,-8.7,-9.3,1
active_389,-8.18,-8.15,-8.0,-8.6,1
active_39,-7.63,-7.6,-7.4,-7.9,1
active_390,-8.57,-8.5,-8.4,-9.1,1
active_391,-8.31,-8.3,-8.0,-8.7,1
active_392,-9.4,-9.5,-9.1,-9.7,1
active_393,-7.08,-7.1,-6.9,-7.2,1
active_394,-8.46,-8.1,-7.8,-9.4,1
active_395,-8.64,-8.6,-8.3,-9.2,1
active_396,-7.82,-7.7,-7.5,-8.5,1
active_397,-8.17,-8.1,-8.0,-8.7,1
active_398,-7.74,-7.7,-7.6,-8.0,1
active_399,-7.8,-7.7,-7.6,-8.1,1
active_4,-8.56,-8.45,-8.1,-9.5,1
active_40,-7.01,-7.1,-6.8,-7.2,1
active_400,-8.43,-8.4,-8.0,-9.2,1
active_401,-8.22,-8.2,-8.0,-8.7,1
active_402,-8.28,-8.4,-7.8,-8.8,1
active_403,-8.38,-8.3,-8.2,-8.9,1
active_404,-8.19,-8.2,-8.0,-8.4,1
active_405,-8.22,-8.2,-8.0,-8.4,1
active_406,-8.97,-8.9,-8.7,-9.5,1
active_407,-7.88,-7.8,-7.7,-8.3,1
active_408,-7.31,-7.2,-7.0,-8.3,1
active_409,-8.51,-8.5,-7.9,-9.0,1
active_41,-7.6,-7.6,-7.4,-7.8,1
active_410,-8.25,-8.3,-8.0,-8.5,1
active_411,-8.25,-8.2,-8.0,-8.5,1
active_412,-10.09,-10.1,-9.8,-10.5,1
active_413,-8.81,-8.8,-8.5,-9.4,1
active_414,-9.07,-9.0,-8.6,-9.7,1
active_415,-9.07,-9.1,-8.8,-9.4,1
active_416,-8.89,-8.9,-8.8,-9.0,1
active_417,-8.47,-8.5,-8.3,-8.7,1
active_418,-8.93,-8.9,-8.8,-9.1,1
active_419,-9.27,-9.3,-9.0,-9.7,1
active_42,-6.75,-6.7,-6.6,-7.2,1
active_420,-8.84,-8.8,-8.6,-9.1,1
active_421,-8.1,-8.1,-7.9,-8.4,1
active_422,-9.34,-9.4,-8.9,-9.7,1
active_423,-9.54,-9.5,-9.4,-9.9,1
active_424,-8.14,-8.1,-8.0,-8.4,1
active_425,-8.27,-8.3,-8.0,-8.5,1
active_426,-9.22,-9.2,-9.0,-9.6,1
active_427,-9.32,-9.3,-9.1,-9.5,1
active_428,-9.03,-9.0,-8.8,-9.3,1
active_429,-8.08,-8.0,-7.7,-8.8,1
active_43,-7.74,-7.7,-7.5,-8.1,1
active_430,-9.01,-8.85,-8.5,-10.2,1
active_431,-7.93,-7.8,-7.4,-8.7,1
active_432,-7.11,-7.1,-6.9,-7.6,1
active_433,-7.01,-7.0,-6.8,-7.4,1
active_434,-8.21,-8.1,-8.0,-8.6,1
active_435,-8.36,-8.3,-8.1,-8.8,1
active_436,-5.92,-5.8,-5.6,-6.4,1
active_437,-5.98,-5.95,-5.6,-6.3,1
active_438,-8.32,-8.3,-8.2,-8.6,1
active_439,-8.71,-8.7,-8.6,-8.8,1
active_44,-7.18,-7.15,-7.0,-7.5,1
active_440,-7.93,-7.9,-7.8,-8.1,1
active_441,-8.39,-8.3,-8.2,-8.7,1
active_442,-8.12,-8.1,-7.9,-8.6,1
active_443,-7.33,-7.3,-7.1,-7.6,1
active_444,-9.07,-9.1,-8.7,-9.5,1
active_445,-8.52,-8.5,-8.1,-9.0,1
active_446,-8.73,-8.8,-8.5,-9.0,1
active_447,-8.29,-8.25,-8.0,-8.6,1
active_448,-8.87,-8.9,-8.6,-9.2,1
active_449,-9.08,-9.1,-8.9,-9.2,1
active_45,-7.59,-7.5,-7.4,-7.9,1
active_450,-9.85,-9.8,-9.7,-10.0,1
active_451,-7.92,-7.9,-7.8,-8.2,1
active_452,-9.75,-9.85,-9.4,-10.0,1
active_453,-8.9,-8.95,-8.5,-9.1,1
active_454,-8.94,-8.8,-8.6,-9.5,1
active_455,-8.75,-8.7,-8.5,-9.2,1
active_456,-7.52,-7.5,-7.3,-7.8,1
active_457,-9.18,-9.2,-9.0,-9.3,1
active_458,-8.65,-8.65,-8.5,-8.9,1
active_459,-9.16,-9.1,-9.0,-9.5,1
active_46,-7.88,-7.9,-7.6,-8.2,1
active_460,-8.83,-8.8,-8.6,-9.2,1
active_461,-7.89,-7.9,-7.7,-8.1,1
active_462,-7.86,-7.8,-7.6,-8.3,1
active_463,-7.21,-7.2,-7.0,-7.5,1
active_464,-8.38,-8.4,-8.1,-8.7,1
active_465,-8.2,-8.25,-7.9,-8.5,1
active_466,-8.88,-8.9,-8.6,-9.1,1
active_467,-9.49,-9.4,-9.2,-10.1,1
active_468,-9.28,-9.15,-9.0,-9.7,1
active_469,-8.66,-8.7,-8.4,-8.9,1
active_47,-7.79,-7.8,-7.6,-8.0,1
active_470,-9.26,-9.2,-9.0,-9.6,1
active_471,-9.69,-9.6,-9.5,-10.3,1
active_472,-8.34,-8.4,-8.2,-8.5,1
active_473,-8.26,-8.2,-8.1,-8.6,1
active_474,-8.65,-8.5,-8.4,-9.2,1
active_475,-9.7,-9.6,-9.5,-10.1,1
active_476,-8.4,-8.45,-8.2,-8.6,1
active_477,-8.68,-8.7,-8.5,-8.9,1
active_478,-8.37,-8.3,-8.2,-8.7,1
active_479,-9.14,-9.15,-9.0,-9.4,1
active_48,-7.82,-7.8,-7.6,-8.1,1
active_480,-8.78,-8.8,-8.5,-9.0,1
active_481,-8.41,-8.4,-8.2,-8.6,0
active_482,-8.07,-8.0,-7.6,-8.7,0
active_483,-8.43,-8.35,-8.2,-8.8,0
active_484,-8.39,-8.3,-8.2,-8.7,0
active_485,-6.72,-6.7,-6.5,-7.1,0
active_486,-8.58,-8.6,-8.4,-8.8,0
active_487,-8.06,-8.0,-7.8,-8.5,0
active_488,-8.69,-8.75,-8.2,-9.4,0
active_489,-8.58,-8.6,-8.4,-8.7,0
active_49,-7.91,-7.9,-7.7,-8.3,1
active_490,-7.67,-7.6,-7.5,-8.0,0
active_491,-7.8,-7.4,-7.3,-9.1,0
active_492,-7.97,-7.9,-7.7,-8.5,0
active_493,-8.98,-9.0,-8.6,-9.4,0
active_494,-8.6,-8.7,-8.2,-9.0,0
active_495,-6.54,-6.5,-6.4,-6.8,0
active_496,-8.29,-8.4,-7.6,-8.8,0
active_497,-8.7,-8.7,-8.5,-9.1,0
active_498,-8.95,-8.8,-8.6,-9.8,0
active_499,-8.24,-8.2,-7.9,-8.6,0
active_5,-9.27,-9.2,-8.7,-10.6,1
active_50,-8.05,-8.0,-7.7,-8.4,1
active_500,-9.19,-9.2,-8.9,-9.8,0
active_501,-9.24,-9.2,-8.9,-9.6,0
active_502,-8.58,-8.55,-8.4,-8.8,0
active_503,-7.52,-7.5,-7.2,-8.0,0
active_504,-6.7,-6.7,-6.5,-7.0,0
active_505,-6.98,-6.95,-6.7,-7.3,0
active_506,-7.35,-7.3,-7.1,-7.8,0
active_507,-6.62,-6.6,-6.4,-7.2,0
active_508,-7.25,-7.2,-7.0,-7.7,0
active_509,-7.62,-7.6,-7.5,-7.7,0
active_51,-7.36,-7.3,-7.2,-7.6,1
active_510,-7.65,-7.6,-7.4,-8.0,0
active_511,-6.82,-6.8,-6.7,-7.1,0
active_512,-7.41,-7.4,-7.2,-7.6,0
active_513,-6.94,-6.9,-6.8,-7.4,0
active_514,-7.33,-7.3,-7.1,-7.6,0
active_515,-7.51,-7.5,-7.2,-7.9,0
active_516,-6.81,-6.8,-6.6,-7.2,0
active_517,-6.3,-6.25,-6.1,-6.7,0
active_518,-6.53,-6.55,-6.3,-6.9,0
active_519,-7.41,-7.3,-7.1,-8.1,0
active_52,-8.06,-8.0,-7.9,-8.6,1
active_520,-7.13,-7.1,-7.0,-7.4,0
active_521,-7.78,-7.8,-7.5,-8.2,0
active_522,-7.26,-7.2,-7.0,-7.8,0
active_523,-6.84,-6.8,-6.6,-7.4,0
active_524,-6.43,-6.4,-6.2,-6.9,0
active_525,-7.12,-7.1,-6.8,-7.5,0
active_526,-6.9,-6.8,-6.7,-7.3,0
active_527,-7.69,-7.7,-7.5,-7.9,0
active_528,-6.83,-6.8,-6.5,-7.2,0
active_529,-7.25,-7.2,-7.1,-7.6,0
active_53,-8.84,-8.8,-8.6,-9.6,1
active_530,-7.51,-7.5,-7.2,-8.0,0
active_531,-7.23,-7.2,-7.0,-7.7,0
active_532,-6.86,-6.85,-6.6,-7.1,0
active_533,-6.48,-6.5,-6.2,-6.7,0
active_534,-7.34,-7.3,-7.1,-7.7,0
active_535,-6.78,-6.8,-6.5,-7.1,0
active_536,-7.88,-7.9,-7.6,-8.3,0
active_537,-7.34,-7.3,-7.1,-7.6,0
active_538,-6.68,-6.7,-6.5,-7.0,0
active_539,-7.15,-7.1,-6.9,-7.4,0
active_54,-8.39,-8.35,-8.2,-8.7,1
active_540,-7.71,-7.6,-7.4,-8.2,0
active_541,-7.54,-7.5,-7.3,-8.1,0
active_542,-7.48,-7.45,-7.2,-8.0,0
active_543,-7.42,-7.4,-7.2,-7.8,0
active_544,-7.24,-7.2,-7.0,-7.6,0
active_545,-7.81,-7.8,-7.5,-8.2,0
active_546,-7.42,-7.4,-7.2,-7.9,0
active_547,-7.64,-7.55,-7.4,-8.2,0
active_548,-7.31,-7.3,-7.0,-7.7,0
active_549,-7.97,-8.0,-7.7,-8.3,0
active_55,-8.52,-8.5,-8.4,-8.8,1
active_550,-7.14,-7.15,-6.9,-7.4,0
active_551,-7.1,-7.1,-6.9,-7.5,0
active_552,-7.16,-7.1,-7.0,-7.5,0
active_553,-7.59,-7.55,-7.4,-8.1,0
active_554,-6.46,-6.45,-6.3,-6.7,0
active_555,-7.5,-7.45,-7.3,-7.9,0
active_556,-7.68,-7.7,-7.4,-7.9,0
active_557,-7.15,-7.2,-6.9,-7.7,0
active_558,-6.98,-6.95,-6.8,-7.3,0
active_559,-6.7,-6.7,-6.5,-7.1,0
active_56,-8.58,-8.5,-8.5,-8.9,1
active_560,-6.92,-6.85,-6.6,-7.5,0
active_561,-7.28,-7.3,-7.0,-7.5,0
active_562,-7.56,-7.6,-7.4,-7.8,0
active_563,-7.65,-7.65,-7.2,-8.2,0
active_564,-7.0,-7.0,-6.7,-7.4,0
active_565,-7.39,-7.35,-7.2,-7.8,0
active_566,-7.43,-7.4,-7.2,-7.7,0
active_567,-7.89,-7.9,-7.6,-8.2,0
active_568,-7.38,-7.35,-7.2,-7.8,0
active_569,-7.85,-7.85,-7.7,-8.1,0
active_57,-7.77,-7.7,-7.6,-8.1,1
active_570,-6.88,-6.8,-6.6,-7.2,0
active_571,-7.26,-7.2,-7.0,-7.6,0
active_572,-7.08,-7.0,-6.8,-7.7,0
active_573,-6.88,-6.8,-6.7,-7.5,0
active_574,-6.24,-6.2,-6.1,-6.7,0
active_575,-7.45,-7.4,-7.2,-8.0,0
active_576,-7.24,-7.2,-7.0,-7.6,0
active_577,-7.18,-7.2,-6.9,-7.4,0
active_578,-7.66,-7.6,-7.4,-8.1,0
active_579,-7.48,-7.5,-7.2,-7.9,0
active_58,-9.19,-9.15,-8.9,-9.5,1
active_580,-7.35,-7.4,-7.1,-7.8,0
active_581,-7.65,-7.65,-7.4,-8.0,0
active_582,-7.28,-7.2,-6.9,-7.8,0
active_583,-7.24,-7.2,-7.1,-7.5,0
active_584,-7.57,-7.5,-7.3,-8.1,0
active_585,-7.58,-7.55,-7.3,-8.0,0
active_586,-6.73,-6.7,-6.5,-7.0,0
active_587,-7.46,-7.4,-7.3,-7.7,0
active_588,-7.3,-7.3,-7.1,-7.6,0
active_589,-6.98,-6.9,-6.8,-7.3,0
active_59,-7.33,-7.3,-7.2,-7.7,1
active_590,-6.82,-6.8,-6.6,-7.1,0
active_591,-7.15,-7.1,-7.0,-7.4,0
active_592,-7.18,-7.2,-7.0,-7.6,0
active_593,-6.92,-6.9,-6.7,-7.2,0
active_594,-7.31,-7.35,-7.0,-7.5,0
active_595,-7.1,-7.05,-6.9,-7.6,0
active_596,-6.53,-6.5,-6.4,-6.8,0
active_597,-7.49,-7.4,-7.2,-7.8,0
active_598,-7.09,-7.1,-6.8,-7.5,0
active_599,-7.28,-7.3,-7.0,-7.8,0
active_6,-8.47,-8.2,-8.1,-9.3,1
active_60,-6.89,-6.85,-6.7,-7.2,1
active_600,-7.39,-7.4,-7.1,-7.9,0
active_601,-7.04,-7.0,-6.8,-7.6,0
active_602,-7.47,-7.4,-7.3,-7.8,0
active_603,-7.42,-7.4,-7.2,-7.7,0
active_604,-7.8,-7.75,-7.6,-8.3,0
active_605,-7.64,-7.6,-7.4,-8.1,0
active_606,-6.56,-6.5,-6.4,-7.2,0
active_607,-7.54,-7.5,-7.3,-7.7,0
active_608,-8.24,-8.2,-8.0,-8.6,0
active_609,-7.74,-7.7,-7.5,-8.0,0
active_61,-7.56,-7.5,-7.4,-7.8,1
active_610,-7.17,-7.05,-6.9,-7.7,0
active_611,-7.06,-7.1,-6.7,-7.5,0
active_612,-7.41,-7.4,-7.1,-7.8,0
active_613,-6.9,-6.9,-6.6,-7.1,0
active_614,-7.64,-7.6,-7.5,-7.8,0
active_615,-6.72,-6.7,-6.5,-7.2,0
active_616,-7.1,-7.1,-6.8,-7.4,0
active_617,-6.77,-6.7,-6.5,-7.1,0
active_618,-6.64,-6.65,-6.4,-6.9,0
active_619,-7.67,-7.6,-7.4,-8.4,0
active_62,-8.07,-8.1,-7.8,-8.3,1
active_620,-7.06,-7.0,-6.8,-7.5,0
active_621,-7.4,-7.4,-7.2,-7.8,0
active_622,-7.17,-7.1,-6.9,-7.6,0
active_623,-7.08,-7.05,-6.8,-7.4,0
active_624,-7.76,-7.7,-7.6,-8.2,0
active_625,-7.52,-7.5,-7.3,-7.9,0
active_626,-7.97,-7.9,-7.7,-8.4,0
active_627,-7.19,-7.1,-6.8,-7.8,0
active_628,-6.91,-6.85,-6.6,-7.7,0
active_629,-8.21,-8.2,-8.0,-8.4,0
active_63,-7.74,-7.7,-7.6,-8.0,1
active_630,-7.47,-7.4,-7.2,-7.7,0
active_631,-7.0,-7.0,-6.8,-7.5,0
active_632,-7.29,-7.25,-7.1,-7.9,0
active_633,-7.82,-7.8,-7.5,-8.1,0
active_634,-6.84,-6.8,-6.6,-7.3,0
active_635,-7.62,-7.65,-7.4,-8.0,0
active_636,-6.97,-6.9,-6.8,-7.3,0
active_637,-7.79,-7.8,-7.6,-8.1,0
active_638,-7.81,-7.8,-7.6,-8.3,0
active_639,-7.67,-7.7,-7.3,-8.3,0
active_64,-7.46,-7.4,-7.2,-7.8,1
active_640,-8.06,-8.0,-7.8,-8.3,0
active_641,-6.45,-6.4,-6.2,-6.7,0
active_642,-7.56,-7.5,-7.3,-7.9,0
active_643,-7.53,-7.5,-7.3,-7.8,0
active_644,-7.26,-7.25,-7.1,-7.5,0
active_645,-7.7,-7.7,-7.4,-8.2,0
active_646,-8.04,-8.0,-7.8,-8.5,0
active_647,-7.45,-7.5,-7.2,-7.7,0
active_648,-6.22,-6.2,-6.0,-6.6,0
active_649,-6.33,-6.3,-6.0,-6.9,0
active_65,-7.54,-7.5,-7.4,-7.9,1
active_650,-6.54,-6.55,-6.4,-6.7,0
active_651,-6.68,-6.65,-6.5,-7.1,0
active_652,-7.53,-7.45,-7.3,-8.2,0
active_653,-8.03,-8.05,-7.7,-8.3,0
active_654,-7.79,-7.75,-7.6,-8.2,0
active_655,-7.68,-7.7,-7.5,-7.9,0
active_656,-7.44,-7.4,-7.1,-7.8,0
active_657,-7.73,-7.7,-7.4,-8.1,0
active_658,-7.36,-7.4,-7.1,-7.7,0
active_659,-7.25,-7.2,-7.0,-7.6,0
active_66,-7.58,-7.5,-7.4,-8.1,1
active_660,-7.94,-7.9,-7.7,-8.5,0
active_661,-7.12,-7.1,-7.0,-7.4,0
active_662,-7.62,-7.55,-7.3,-8.2,0
active_663,-7.55,-7.5,-7.4,-7.9,0
active_664,-6.87,-6.85,-6.6,-7.6,0
active_665,-6.64,-6.6,-6.5,-7.0,0
active_666,-6.94,-6.85,-6.7,-7.5,0
active_667,-7.5,-7.5,-7.3,-7.9,0
active_668,-7.62,-7.6,-7.5,-7.9,0
active_669,-7.36,-7.4,-7.0,-7.8,0
active_67,-7.26,-7.3,-7.0,-7.6,1
active_670,-7.6,-7.6,-7.3,-7.9,0
active_671,-7.06,-7.0,-6.8,-7.5,0
active_672,-6.28,-6.1,-5.8,-7.1,0
active_673,-8.93,-8.9,-8.6,-9.3,0
active_674,-9.12,-9.2,-8.8,-9.3,0
active_675,-8.58,-8.5,-8.3,-9.0,0
active_676,-8.56,-8.5,-8.2,-9.3,0
active_677,-8.61,-8.5,-8.2,-9.0,0
active_678,-8.54,-8.5,-8.3,-9.0,0
active_679,-9.07,-9.05,-8.8,-9.3,0
active_68,-7.18,-7.2,-7.0,-7.3,1
active_680,-8.56,-8.55,-8.3,-8.9,0
active_681,-8.65,-8.75,-8.1,-9.2,0
active_682,-8.99,-8.95,-8.7,-9.4,0
active_683,-9.18,-9.05,-8.9,-9.8,0
active_684,-8.78,-8.8,-8.4,-9.3,0
active_685,-8.79,-8.75,-8.6,-9.0,0
active_686,-8.6,-8.65,-8.2,-8.9,0
active_687,-7.31,-7.3,-6.5,-8.1,0
active_688,-7.75,-7.5,-7.1,-9.0,0
active_689,-9.23,-9.2,-8.9,-9.6,0
active_69,-7.82,-7.8,-7.6,-8.3,1
active_690,-9.0,-9.0,-8.8,-9.4,0
active_691,-8.94,-8.8,-8.7,-9.9,0
active_692,-8.28,-8.3,-8.1,-8.5,0
active_693,-7.42,-7.4,-7.2,-7.7,0
active_694,-9.22,-9.1,-8.9,-9.9,0
active_695,-8.69,-8.7,-8.2,-9.1,0
active_696,-8.87,-8.8,-8.6,-9.4,0
active_697,-8.03,-8.0,-7.7,-8.6,0
active_698,-8.06,-7.95,-7.7,-8.9,0
active_699,-7.69,-7.7,-7.5,-8.2,0
active_7,-8.59,-8.4,-8.3,-9.4,1
active_70,-7.78,-7.75,-7.6,-8.3,1
active_700,-8.15,-8.0,-7.9,-9.0,0
active_701,-8.44,-8.4,-8.3,-9.0,0
active_702,-7.77,-7.8,-7.5,-8.1,0
active_703,-7.91,-7.9,-7.7,-8.5,0
active_704,-8.65,-8.6,-8.3,-9.1,0
active_705,-8.28,-8.2,-8.0,-8.8,0
active_706,-8.27,-8.2,-8.0,-8.7,0
active_707,-7.81,-7.75,-7.5,-8.6,0
active_708,-8.09,-8.1,-7.7,-8.7,0
active_709,-8.02,-7.95,-7.6,-8.9,0
active_71,-7.75,-7.7,-7.5,-8.2,1
active_710,-8.39,-8.4,-8.2,-8.6,0
active_711,-7.82,-7.8,-7.6,-8.3,0
active_712,-8.12,-7.95,-7.8,-9.1,0
active_713,-7.65,-7.6,-7.4,-8.3,0
active_714,-7.67,-7.5,-7.4,-8.3,0
active_715,-7.84,-7.9,-7.4,-8.3,0
active_716,-7.82,-7.7,-7.4,-8.6,0
active_717,-7.78,-7.7,-7.5,-8.5,0
active_718,-8.16,-8.1,-8.0,-8.4,0
active_719,-8.67,-8.7,-8.4,-9.3,0
active_72,-7.82,-7.8,-7.7,-8.0,1
active_720,-8.06,-8.1,-7.8,-8.3,0
active_721,-7.83,-7.8,-7.6,-8.2,0
active_722,-8.3,-8.2,-8.0,-8.8,0
active_723,-8.32,-8.3,-8.1,-8.7,0
active_724,-8.46,-8.45,-8.2,-8.8,0
active_725,-8.48,-8.4,-8.0,-9.0,0
active_726,-8.67,-8.6,-8.5,-8.8,0
active_727,-8.53,-8.55,-8.3,-8.7,0
active_728,-7.7,-7.7,-7.4,-8.1,0
active_729,-8.21,-8.1,-7.9,-8.8,0
active_73,-7.76,-7.7,-7.4,-8.3,1
active_730,-8.14,-8.1,-7.9,-8.5,0
active_731,-8.45,-8.4,-8.0,-9.2,0
active_732,-8.96,-9.0,-8.5,-9.4,0
active_733,-8.37,-8.3,-8.2,-8.8,0
active_734,-7.07,-7.1,-7.0,-7.2,0
active_735,-7.41,-7.4,-7.3,-7.5,0
active_736,-8.72,-8.4,-8.0,-9.4,0
active_737,-8.94,-9.0,-8.4,-9.5,0
active_738,-8.11,-8.1,-8.0,-8.2,0
active_739,-7.23,-7.2,-7.1,-7.5,0
active_74,-7.9,-7.8,-7.7,-8.2,1
active_740,-7.34,-7.3,-7.2,-7.6,0
active_741,-7.81,-7.8,-7.6,-8.0,0
active_742,-6.86,-6.8,-6.7,-7.1,0
active_743,-7.75,-7.7,-7.6,-8.3,0
active_744,-7.02,-6.9,-6.8,-7.6,0
active_745,-7.73,-7.7,-7.6,-7.9,0
active_746,-7.15,-7.2,-6.9,-7.3,0
active_747,-7.98,-7.9,-7.8,-8.2,0
active_748,-7.65,-7.6,-7.5,-8.0,0
active_749,-7.75,-7.7,-7.5,-8.1,0
active_75,-7.91,-7.9,-7.7,-8.1,1
active_750,-7.41,-7.3,-7.2,-7.8,0
active_751,-7.96,-7.9,-7.8,-8.2,0
active_752,-7.3,-7.3,-7.1,-7.5,0
active_753,-7.56,-7.5,-7.3,-8.0,0
active_754,-6.75,-6.7,-6.6,-7.0,0
active_755,-7.87,-7.9,-7.7,-8.1,0
active_756,-6.59,-6.6,-6.5,-6.7,0
active_757,-7.64,-7.6,-7.4,-8.0,0
active_758,-7.22,-7.2,-7.1,-7.4,0
active_759,-6.91,-6.9,-6.8,-7.2,0
active_76,-7.79,-7.8,-7.6,-8.2,1
active_760,-7.16,-7.15,-7.0,-7.4,0
active_761,-8.13,-8.1,-7.9,-8.4,0
active_762,-7.51,-7.5,-7.3,-7.7,0
active_763,-7.49,-7.5,-7.3,-8.0,0
active_764,-7.89,-7.9,-7.7,-8.1,0
active_765,-7.78,-7.8,-7.6,-8.0,0
active_766,-7.8,-7.8,-7.5,-8.1,0
active_767,-7.01,-7.0,-6.8,-7.2,0
active_768,-8.21,-8.15,-7.9,-8.8,0
active_769,-9.15,-9.2,-8.6,-9.6,0
active_77,-7.03,-6.95,-6.9,-7.7,1
active_770,-9.1,-9.0,-8.8,-9.6,0
active_771,-9.08,-9.05,-8.9,-9.5,0
active_772,-8.39,-8.25,-8.0,-9.0,0
active_773,-8.28,-8.2,-8.1,-8.6,0
active_774,-9.43,-9.5,-9.2,-9.6,0
active_775,-9.12,-9.1,-8.9,-9.4,0
active_776,-8.62,-8.7,-8.3,-9.0,0
active_777,-7.92,-7.9,-7.7,-8.2,0
active_778,-8.75,-8.8,-8.5,-9.0,0
active_779,-8.18,-8.2,-8.0,-8.3,0
active_78,-8.2,-8.1,-8.0,-8.7,1
active_780,-8.48,-8.45,-8.3,-8.8,0
active_781,-7.88,-7.8,-7.7,-8.2,0
active_782,-8.89,-8.9,-8.8,-9.1,0
active_783,-8.54,-8.5,-8.3,-8.9,0
active_784,-7.39,-7.4,-7.2,-7.8,0
active_785,-7.09,-7.0,-6.9,-7.7,0
active_786,-7.93,-7.9,-7.7,-8.2,0
active_787,-8.74,-8.7,-8.6,-9.0,0
active_788,-7.57,-7.55,-7.3,-8.0,0
active_789,-7.17,-7.2,-7.0,-7.4,0
active_79,-7.45,-7.4,-7.2,-7.8,1
active_790,-8.04,-8.0,-7.8,-8.5,0
active_791,-8.88,-8.8,-8.5,-9.5,0
active_792,-9.17,-9.15,-8.9,-9.4,0
active_793,-7.31,-7.3,-7.2,-7.5,0
active_794,-7.65,-7.6,-7.5,-8.2,0
active_795,-8.43,-8.4,-8.1,-8.8,0
active_796,-7.16,-7.2,-7.0,-7.3,0
active_797,-8.07,-8.0,-7.9,-8.3,0
active_798,-7.82,-7.8,-7.7,-8.0,0
active_799,-7.54,-7.5,-7.4,-7.8,0
active_8,-8.71,-8.4,-8.2,-9.6,1
active_80,-8.4,-8.4,-8.2,-8.5,1
active_800,-7.74,-7.75,-7.5,-8.0,0
active_801,-7.74,-7.7,-7.6,-7.9,0
active_802,-7.75,-7.7,-7.6,-8.0,0
active_803,-7.87,-7.9,-7.7,-8.2,0
active_804,-7.67,-7.6,-7.4,-8.1,0
active_805,-7.53,-7.5,-7.4,-7.8,0
active_806,-7.82,-7.8,-7.7,-8.1,0
active_807,-7.75,-7.7,-7.5,-8.3,0
active_808,-7.22,-7.2,-7.1,-7.7,0
active_809,-7.76,-7.7,-7.4,-8.1,0
active_81,-7.09,-7.1,-6.9,-7.3,1
active_810,-7.21,-7.2,-7.1,-7.4,0
active_811,-7.45,-7.45,-7.1,-7.8,0
active_812,-7.42,-7.4,-7.2,-7.6,0
active_813,-7.12,-7.1,-7.0,-7.3,0
active_814,-7.7,-7.7,-7.5,-7.9,0
active_815,-8.07,-8.0,-7.9,-8.3,0
active_816,-7.75,-7.7,-7.5,-8.2,0
active_817,-7.21,-7.2,-7.1,-7.4,0
active_818,-7.82,-7.8,-7.6,-8.2,0
active_819,-7.91,-7.9,-7.8,-8.1,0
active_82,-7.64,-7.6,-7.4,-7.9,1
active_820,-6.86,-6.85,-6.7,-7.3,0
active_821,-8.32,-8.3,-8.1,-8.5,0
active_822,-6.99,-7.0,-6.8,-7.2,0
active_823,-8.74,-8.75,-8.5,-9.0,0
active_824,-7.29,-7.3,-7.1,-7.6,0
active_825,-8.44,-8.4,-8.2,-8.7,0
active_826,-8.45,-8.5,-8.2,-8.7,0
active_827,-7.31,-7.3,-7.1,-7.7,0
active_828,-7.78,-7.7,-7.5,-8.2,0
active_829,-8.41,-8.4,-8.1,-8.7,0
active_83,-8.02,-8.05,-7.7,-8.3,1
active_830,-7.82,-7.8,-7.6,-8.1,0
active_831,-8.04,-8.0,-7.9,-8.2,0
active_832,-7.11,-7.1,-6.9,-7.5,0
active_833,-7.48,-7.5,-7.3,-7.8,0
active_834,-7.86,-7.8,-7.7,-8.3,0
active_835,-8.37,-8.35,-8.2,-8.7,0
active_836,-7.89,-7.9,-7.6,-8.3,0
active_837,-7.49,-7.5,-7.3,-7.7,0
active_838,-8.42,-8.4,-8.2,-8.7,0
active_839,-8.28,-8.3,-8.1,-8.6,0
active_84,-7.36,-7.3,-7.1,-7.7,1
active_840,-6.87,-6.9,-6.7,-7.1,0
active_841,-7.72,-7.7,-7.5,-8.1,0
active_842,-8.15,-8.2,-7.9,-8.4,0
active_843,-6.92,-6.9,-6.8,-7.2,0
active_844,-7.12,-7.1,-7.0,-7.5,0
active_845,-8.69,-8.6,-8.4,-9.4,0
active_846,-9.87,-9.85,-9.7,-10.1,0
active_847,-7.17,-7.2,-6.9,-7.4,0
active_848,-7.27,-7.3,-7.0,-7.6,0
active_849,-7.51,-7.5,-7.3,-7.8,0
active_85,-7.8,-7.8,-7.6,-8.2,1
active_850,-7.08,-7.0,-6.9,-7.5,0
active_851,-7.15,-7.1,-7.0,-7.5,0
active_852,-7.39,-7.4,-7.2,-7.7,0
active_853,-7.51,-7.5,-7.4,-7.7,0
active_854,-7.92,-7.9,-7.7,-8.1,0
active_855,-7.4,-7.4,-7.2,-7.7,0
active_856,-7.31,-7.3,-7.2,-7.5,0
active_857,-7.14,-7.1,-7.0,-7.3,0
active_858,-8.78,-8.8,-8.6,-8.9,0
active_859,-7.17,-7.15,-7.0,-7.4,0
active_86,-8.31,-8.3,-8.1,-8.5,1
active_860,-8.34,-8.4,-8.1,-8.6,0
active_861,-7.56,-7.5,-7.4,-7.9,0
active_862,-7.14,-7.2,-6.9,-7.3,0
active_863,-7.23,-7.2,-7.1,-7.4,0
active_864,-7.71,-7.7,-7.6,-8.0,0
active_865,-7.85,-7.8,-7.6,-8.1,0
active_866,-7.24,-7.2,-7.0,-7.6,0
active_867,-7.36,-7.3,-7.2,-7.6,0
active_868,-7.27,-7.3,-7.1,-7.5,0
active_869,-6.88,-6.9,-6.7,-7.2,0
active_87,-7.75,-7.7,-7.6,-8.1,1
active_870,-6.68,-6.7,-6.5,-7.0,0
active_871,-8.45,-8.45,-8.3,-8.7,0
active_872,-6.93,-6.9,-6.8,-7.1,0
active_873,-7.02,-7.0,-6.9,-7.2,0
active_874,-6.89,-6.9,-6.7,-7.2,0
active_875,-6.85,-6.8,-6.7,-7.0,0
active_876,-7.49,-7.5,-7.3,-7.8,0
active_877,-8.33,-8.3,-8.2,-8.6,0
active_878,-7.29,-7.3,-7.1,-7.4,0
active_879,-8.26,-8.2,-8.1,-8.4,0
active_88,-7.78,-7.8,-7.5,-8.0,1
active_880,-8.22,-8.1,-8.0,-8.7,0
active_881,-7.91,-7.9,-7.8,-8.2,0
active_882,-7.63,-7.6,-7.5,-7.9,0
active_883,-7.72,-7.75,-7.5,-7.9,0
active_884,-7.02,-7.0,-6.9,-7.3,0
active_885,-7.72,-7.7,-7.5,-8.1,0
active_886,-8.31,-8.3,-8.2,-8.5,0
active_887,-7.61,-7.6,-7.5,-8.0,0
active_888,-7.45,-7.4,-7.3,-7.7,0
active_889,-7.25,-7.2,-7.1,-7.7,0
active_89,-8.21,-8.2,-8.0,-8.4,1
active_890,-7.29,-7.3,-7.1,-7.6,0
active_891,-9.04,-9.0,-8.9,-9.3,0
active_892,-8.99,-8.9,-8.8,-9.7,0
active_893,-7.96,-7.9,-7.8,-8.4,0
active_894,-8.33,-8.3,-8.2,-8.6,0
active_895,-8.72,-8.7,-8.5,-9.0,0
active_896,-8.73,-8.7,-8.6,-9.1,0
active_897,-9.15,-9.1,-9.0,-9.4,0
active_898,-9.25,-9.2,-8.8,-9.8,0
active_899,-10.01,-10.0,-9.8,-10.3,0
active_9,-7.75,-7.7,-7.5,-8.2,1
active_90,-7.88,-7.8,-7.7,-8.4,1
active_900,-9.02,-9.0,-8.9,-9.3,0
active_901,-9.23,-9.2,-9.1,-9.4,0
active_902,-8.69,-8.55,-8.4,-9.2,0
active_903,-9.02,-9.0,-8.8,-9.3,0
active_904,-8.72,-8.7,-8.1,-9.3,0
active_905,-8.91,-8.9,-8.6,-9.1,0
active_906,-9.14,-9.1,-8.8,-9.5,0
active_907,-9.66,-9.6,-9.4,-10.0,0
active_908,-8.07,-8.1,-7.8,-8.3,0
active_909,-8.81,-8.9,-8.4,-9.1,0
active_91,-8.15,-8.1,-7.9,-8.7,1
active_910,-9.38,-9.3,-9.2,-9.9,0
active_911,-9.26,-9.25,-8.8,-9.9,0
active_912,-9.18,-9.15,-8.7,-9.6,0
active_913,-8.31,-8.3,-8.1,-8.5,0
active_914,-9.12,-9.1,-8.9,-9.4,0
active_915,-8.3,-8.3,-7.9,-8.6,0
active_916,-10.36,-10.4,-10.0,-10.8,0
active_917,-7.98,-8.0,-7.8,-8.2,0
active_918,-9.58,-9.55,-9.2,-10.0,0
active_919,-8.72,-8.7,-8.3,-9.1,0
active_92,-7.86,-7.85,-7.6,-8.1,1
active_920,-8.82,-8.8,-8.6,-9.1,0
active_921,-8.92,-8.9,-8.7,-9.3,0
active_922,-8.26,-8.25,-8.0,-8.6,0
active_923,-8.39,-8.3,-8.3,-8.7,0
active_924,-8.61,-8.6,-8.4,-9.0,0
active_925,-9.26,-9.3,-9.1,-9.4,0
active_926,-9.13,-9.15,-8.9,-9.3,0
active_927,-8.24,-8.2,-8.0,-8.6,0
active_928,-9.61,-9.6,-9.2,-10.2,0
active_929,-8.77,-8.7,-8.6,-9.0,0
active_93,-7.47,-7.4,-7.2,-8.0,1
active_930,-9.03,-8.95,-8.9,-9.4,0
active_931,-8.17,-8.1,-8.0,-8.6,0
active_932,-8.4,-8.4,-8.2,-8.7,0
active_933,-8.7,-8.75,-8.4,-9.0,0
active_934,-7.99,-7.9,-7.8,-8.5,0
active_935,-8.84,-8.8,-8.6,-9.5,0
active_936,-7.35,-7.35,-7.2,-7.5,0
active_937,-8.33,-8.3,-8.1,-8.8,0
active_938,-8.03,-8.0,-7.8,-8.2,0
active_939,-7.63,-7.5,-7.4,-8.4,0
active_94,-7.63,-7.6,-7.5,-7.8,1
active_940,-9.22,-9.2,-9.0,-9.5,0
active_941,-7.77,-7.7,-7.5,-8.5,0
active_942,-8.61,-8.6,-8.4,-8.8,0
active_943,-8.18,-8.1,-7.9,-8.6,0
active_944,-8.93,-8.9,-8.7,-9.2,0
active_945,-10.09,-10.1,-9.8,-10.5,0
active_946,-8.15,-8.1,-8.0,-8.6,0
active_947,-8.24,-8.2,-8.0,-8.6,0
active_948,-8.3,-8.2,-8.1,-8.8,0
active_949,-8.29,-8.3,-8.1,-8.4,0
active_95,-7.24,-7.2,-7.0,-7.5,1
active_950,-7.71,-7.7,-7.5,-7.8,0
active_951,-6.89,-6.8,-6.7,-7.3,0
active_952,-6.97,-6.9,-6.8,-7.4,0
active_953,-7.74,-7.7,-7.6,-7.9,0
active_954,-7.81,-7.8,-7.7,-7.9,0
active_955,-7.17,-7.1,-7.0,-7.5,0
active_956,-7.81,-7.75,-7.6,-8.1,0
active_957,-7.13,-7.2,-6.9,-7.2,0
active_958,-7.85,-7.8,-7.5,-8.1,0
active_959,-7.29,-7.3,-7.2,-7.5,0
active_96,-7.25,-7.2,-7.1,-7.6,1
active_960,-7.78,-7.8,-7.5,-8.0,0
active_961,-7.31,-7.3,-7.2,-7.5,0
active_962,-7.59,-7.6,-7.5,-7.7,0
active_963,-8.12,-8.1,-7.9,-8.3,0
active_964,-8.12,-8.1,-8.0,-8.2,0
active_965,-7.18,-7.1,-7.0,-7.5,0
active_966,-7.3,-7.2,-7.2,-7.5,0
active_967,-7.82,-7.8,-7.7,-8.0,0
active_968,-7.793730445246691,-7.7663357400722015,-7.567809867629363,-8.142418772563175,0
active_969,-8.14,-8.1,-8.0,-8.3,0
active_97,-7.14,-7.1,-7.0,-7.4,1
active_970,-7.59,-7.6,-7.4,-7.8,0
active_971,-7.78,-7.8,-7.6,-7.9,0
active_972,-7.63,-7.65,-7.5,-7.8,0
active_973,-7.43,-7.45,-7.2,-7.8,0
active_974,-9.64,-9.55,-9.3,-10.2,0
active_975,-7.67,-7.7,-7.5,-7.9,0
active_976,-7.74,-7.7,-7.6,-7.9,0
active_977,-7.44,-7.4,-7.3,-7.7,0
active_978,-7.58,-7.6,-7.4,-7.9,0
active_979,-7.4,-7.4,-7.3,-7.6,0
active_98,-7.95,-8.0,-7.7,-8.2,1
active_980,-7.51,-7.5,-7.3,-7.7,0
active_981,-7.85,-7.8,-7.6,-8.3,0
active_982,-7.84,-7.8,-7.7,-8.1,0
active_983,-8.02,-8.0,-7.8,-8.2,0
active_984,-7.71,-7.7,-7.5,-8.0,0
active_985,-7.86,-7.8,-7.7,-8.1,0
active_986,-7.57,-7.5,-7.4,-7.8,0
active_987,-7.35,-7.3,-7.2,-7.5,0
active_988,-7.35,-7.3,-7.2,-7.6,0
active_989,-7.37,-7.35,-7.2,-7.6,0
active_99,-6.88,-6.8,-6.7,-7.3,1
active_990,-7.19,-7.2,-7.1,-7.4,0
active_991,-8.44,-8.4,-8.2,-9.0,0
active_992,-8.39,-8.3,-8.2,-8.7,0
active_993,-7.05,-7.0,-7.0,-7.1,0
active_994,-7.76,-7.8,-7.6,-7.9,0
active_995,-7.45,-7.4,-7.4,-7.7,0
active_996,-6.73,-6.7,-6.6,-6.9,0
active_997,-8.06,-8.0,-7.9,-8.2,0
active_998,-7.71,-7.7,-7.5,-8.0,0
active_999,-8.12,-8.1,-7.9,-8.5,0
